Year,Month,Day,Temp
1995,1,1,12.6
1995,1,2,19.9
1995,1,3,9.2
1995,1,4,6.2
1995,1,5,16
1995,1,6,17.8
1995,1,7,19.8
1995,1,8,24.2
1995,1,9,36.3
1995,1,10,45.4
1995,1,11,50.9
1995,1,12,42.8
1995,1,13,36.4
1995,1,14,25.9
1995,1,15,25.4
1995,1,16,24.5
1995,1,17,22.7
1995,1,18,25.8
1995,1,19,33
1995,1,20,33.7
1995,1,21,22.7
1995,1,22,24.8
1995,1,23,25.5
1995,1,24,30.3
1995,1,25,25.4
1995,1,26,31.4
1995,1,27,34.6
1995,1,28,34
1995,1,29,30.7
1995,1,30,35.2
1995,1,31,44
1995,2,1,49.1
1995,2,2,42.1
1995,2,3,36.9
1995,2,4,38.1
1995,2,5,35.3
1995,2,6,30.1
1995,2,7,25.9
1995,2,8,26.8
1995,2,9,33.3
1995,2,10,26.2
1995,2,11,11.5
1995,2,12,7.6
1995,2,13,2.7
1995,2,14,13.3
1995,2,15,8.2
1995,2,16,23.7
1995,2,17,36.9
1995,2,18,46.9
1995,2,19,41.9
1995,2,20,49.6
1995,2,21,52
1995,2,22,48.9
1995,2,23,38
1995,2,24,43.3
1995,2,25,54
1995,2,26,38.1
1995,2,27,20.9
1995,2,28,8.7
1995,3,1,3.7
1995,3,2,9
1995,3,3,20.2
1995,3,4,14
1995,3,5,1.3
1995,3,6,-1.8
1995,3,7,-2.1
1995,3,8,4.8
1995,3,9,27.5
1995,3,10,49.7
1995,3,11,55.9
1995,3,12,52.9
1995,3,13,49.8
1995,3,14,49.9
1995,3,15,50.1
1995,3,16,52.4
1995,3,17,37.7
1995,3,18,40.5
1995,3,19,52.1
1995,3,20,42.9
1995,3,21,47
1995,3,22,47.8
1995,3,23,45.5
1995,3,24,48.8
1995,3,25,44.4
1995,3,26,34.6
1995,3,27,31.5
1995,3,28,29
1995,3,29,25.6
1995,3,30,28.3
1995,3,31,33.6
1995,4,1,46.8
1995,4,2,50.8
1995,4,3,45.1
1995,4,4,34.4
1995,4,5,47.2
1995,4,6,49.3
1995,4,7,49.2
1995,4,8,40.4
1995,4,9,28.3
1995,4,10,24.6
1995,4,11,24.4
1995,4,12,36.3
1995,4,13,44.2
1995,4,14,40.4
1995,4,15,44.3
1995,4,16,43.6
1995,4,17,39.7
1995,4,18,35.1
1995,4,19,35.5
1995,4,20,35.4
1995,4,21,37.6
1995,4,22,41.8
1995,4,23,45.7
1995,4,24,40.8
1995,4,25,45.7
1995,4,26,37
1995,4,27,39.3
1995,4,28,41.4
1995,4,29,36.6
1995,4,30,39.1
1995,5,1,38.6
1995,5,2,43
1995,5,3,44.5
1995,5,4,47.1
1995,5,5,49.1
1995,5,6,49.8
1995,5,7,52.9
1995,5,8,53.1
1995,5,9,45.3
1995,5,10,52.2
1995,5,11,56.7
1995,5,12,59.2
1995,5,13,44.7
1995,5,14,45.2
1995,5,15,58.7
1995,5,16,59
1995,5,17,49
1995,5,18,53.3
1995,5,19,58.6
1995,5,20,52.8
1995,5,21,57.3
1995,5,22,50.1
1995,5,23,47.8
1995,5,24,48.4
1995,5,25,50.4
1995,5,26,52.6
1995,5,27,52.3
1995,5,28,52.4
1995,5,29,55.5
1995,5,30,59.4
1995,5,31,58.1
1995,6,1,65.2
1995,6,2,66.6
1995,6,3,64.1
1995,6,4,61.8
1995,6,5,63.5
1995,6,6,66.8
1995,6,7,58.4
1995,6,8,44.5
1995,6,9,43.3
1995,6,10,46.9
1995,6,11,55
1995,6,12,61.1
1995,6,13,70.6
1995,6,14,72.8
1995,6,15,76.5
1995,6,16,77.1
1995,6,17,72.7
1995,6,18,70
1995,6,19,68.8
1995,6,20,71.1
1995,6,21,72
1995,6,22,63.7
1995,6,23,61.9
1995,6,24,60.8
1995,6,25,61
1995,6,26,62
1995,6,27,65.8
1995,6,28,58.8
1995,6,29,57
1995,6,30,52.5
1995,7,1,58.9
1995,7,2,66.1
1995,7,3,65.1
1995,7,4,64.2
1995,7,5,62.9
1995,7,6,67.1
1995,7,7,71.1
1995,7,8,75.4
1995,7,9,75.9
1995,7,10,79.1
1995,7,11,79.6
1995,7,12,79.6
1995,7,13,77.6
1995,7,14,67.1
1995,7,15,68.8
1995,7,16,65.8
1995,7,17,66.8
1995,7,18,69.1
1995,7,19,66.3
1995,7,20,66
1995,7,21,69.8
1995,7,22,64.4
1995,7,23,66.3
1995,7,24,71.9
1995,7,25,68
1995,7,26,73.5
1995,7,27,77.2
1995,7,28,72.8
1995,7,29,79.3
1995,7,30,78.3
1995,7,31,62.5
1995,8,1,63.6
1995,8,2,74
1995,8,3,69.7
1995,8,4,69.1
1995,8,5,70.6
1995,8,6,75.7
1995,8,7,80.2
1995,8,8,78.7
1995,8,9,66.7
1995,8,10,72.6
1995,8,11,79.9
1995,8,12,79.5
1995,8,13,71
1995,8,14,63.6
1995,8,15,73.3
1995,8,16,80.5
1995,8,17,85
1995,8,18,72.5
1995,8,19,58.6
1995,8,20,69.7
1995,8,21,74.7
1995,8,22,77.1
1995,8,23,79.3
1995,8,24,80.9
1995,8,25,73.1
1995,8,26,69.8
1995,8,27,74
1995,8,28,70.5
1995,8,29,74
1995,8,30,73.8
1995,8,31,65
1995,9,1,72.4
1995,9,2,79.3
1995,9,3,74.7
1995,9,4,77.1
1995,9,5,75
1995,9,6,68.1
1995,9,7,53.5
1995,9,8,52.5
1995,9,9,61.1
1995,9,10,65.3
1995,9,11,67.4
1995,9,12,67.9
1995,9,13,68.6
1995,9,14,60.9
1995,9,15,71.4
1995,9,16,65.1
1995,9,17,56.2
1995,9,18,56
1995,9,19,43.5
1995,9,20,38.8
1995,9,21,35.2
1995,9,22,36.7
1995,9,23,53.4
1995,9,24,49.3
1995,9,25,51.9
1995,9,26,54
1995,9,27,59.6
1995,9,28,64.3
1995,9,29,65.4
1995,9,30,60.3
1995,10,1,54
1995,10,2,51.2
1995,10,3,49.4
1995,10,4,49.1
1995,10,5,42.1
1995,10,6,45.2
1995,10,7,40.6
1995,10,8,50.5
1995,10,9,49.8
1995,10,10,47.9
1995,10,11,61
1995,10,12,65.8
1995,10,13,48.8
1995,10,14,44.9
1995,10,15,55.8
1995,10,16,55.9
1995,10,17,57.4
1995,10,18,51.6
1995,10,19,46
1995,10,20,41.6
1995,10,21,41.7
1995,10,22,40.6
1995,10,23,34.3
1995,10,24,35
1995,10,25,43
1995,10,26,43.5
1995,10,27,45.4
1995,10,28,37.5
1995,10,29,37.7
1995,10,30,32.4
1995,10,31,29.4
1995,11,1,25.7
1995,11,2,13.7
1995,11,3,8.5
1995,11,4,18.4
1995,11,5,31.2
1995,11,6,36.7
1995,11,7,26.1
1995,11,8,28
1995,11,9,43.4
1995,11,10,23.2
1995,11,11,19.4
1995,11,12,44.2
1995,11,13,36.9
1995,11,14,41.1
1995,11,15,42.8
1995,11,16,43.5
1995,11,17,46
1995,11,18,45.7
1995,11,19,48.3
1995,11,20,36.2
1995,11,21,28.6
1995,11,22,42.6
1995,11,23,32.9
1995,11,24,43.4
1995,11,25,43.4
1995,11,26,43.3
1995,11,27,21.3
1995,11,28,14.3
1995,11,29,27.1
1995,11,30,52
1995,12,1,47.6
1995,12,2,46.5
1995,12,3,35.9
1995,12,4,40.5
1995,12,5,27.3
1995,12,6,23.4
1995,12,7,21.4
1995,12,8,4.7
1995,12,9,-2.1
1995,12,10,14.6
1995,12,11,12.5
1995,12,12,10.5
1995,12,13,24.8
1995,12,14,37.3
1995,12,15,34.2
1995,12,16,31.6
1995,12,17,23.5
1995,12,18,19.3
1995,12,19,19.8
1995,12,20,21
1995,12,21,22.1
1995,12,22,16.4
1995,12,23,15.2
1995,12,24,23.9
1995,12,25,31.5
1995,12,26,32.8
1995,12,27,25.2
1995,12,28,21.5
1995,12,29,24.4
1995,12,30,28.1
1995,12,31,29.7
1996,1,1,28.1
1996,1,2,13.2
1996,1,3,21.3
1996,1,4,12.5
1996,1,5,1.5
1996,1,6,-2.2
1996,1,7,7.6
1996,1,8,35.8
1996,1,9,35.4
1996,1,10,37.6
1996,1,11,36.9
1996,1,12,44.5
1996,1,13,46.1
1996,1,14,33.8
1996,1,15,26.2
1996,1,16,42.7
1996,1,17,17
1996,1,18,-4.5
1996,1,19,-10.6
1996,1,20,-4.4
1996,1,21,30.3
1996,1,22,11
1996,1,23,11.6
1996,1,24,11.7
1996,1,25,2.8
1996,1,26,0.1
1996,1,27,1.1
1996,1,28,0.6
1996,1,29,-10.4
1996,1,30,-11
1996,1,31,-5.4
1996,2,1,-3.8
1996,2,2,-19
1996,2,3,-11.8
1996,2,4,2.2
1996,2,5,23.4
1996,2,6,37.4
1996,2,7,43.4
1996,2,8,43.3
1996,2,9,47.9
1996,2,10,38.1
1996,2,11,33.6
1996,2,12,35.4
1996,2,13,42
1996,2,14,39.9
1996,2,15,26.4
1996,2,16,23.9
1996,2,17,37.6
1996,2,18,38
1996,2,19,45.4
1996,2,20,42.1
1996,2,21,37.1
1996,2,22,45
1996,2,23,35.9
1996,2,24,43.2
1996,2,25,26.2
1996,2,26,12.1
1996,2,27,4.4
1996,2,28,5.5
1996,2,29,3.8
1996,3,1,25.3
1996,3,2,19.2
1996,3,3,18.7
1996,3,4,19.4
1996,3,5,10.4
1996,3,6,4.5
1996,3,7,-0.6
1996,3,8,-4
1996,3,9,11.3
1996,3,10,40.7
1996,3,11,44.2
1996,3,12,45.8
1996,3,13,42.8
1996,3,14,39.5
1996,3,15,44.8
1996,3,16,43.9
1996,3,17,34.7
1996,3,18,33.1
1996,3,19,25.6
1996,3,20,26.6
1996,3,21,39.1
1996,3,22,36.1
1996,3,23,39.9
1996,3,24,15
1996,3,25,7.5
1996,3,26,18.9
1996,3,27,24.8
1996,3,28,20.5
1996,3,29,20.5
1996,3,30,24.6
1996,3,31,29.5
1996,4,1,33
1996,4,2,33.6
1996,4,3,34.1
1996,4,4,29.3
1996,4,5,31.3
1996,4,6,48.5
1996,4,7,46.7
1996,4,8,53.2
1996,4,9,52.9
1996,4,10,62.6
1996,4,11,46.2
1996,4,12,27.2
1996,4,13,31.8
1996,4,14,33.7
1996,4,15,40.9
1996,4,16,47.4
1996,4,17,56.7
1996,4,18,49.6
1996,4,19,49.5
1996,4,20,46.4
1996,4,21,44.4
1996,4,22,37.7
1996,4,23,45.7
1996,4,24,58.1
1996,4,25,51.5
1996,4,26,45.4
1996,4,27,43.8
1996,4,28,38.7
1996,4,29,37.9
1996,4,30,45.7
1996,5,1,42.1
1996,5,2,47.6
1996,5,3,43.3
1996,5,4,38.2
1996,5,5,41.6
1996,5,6,50.3
1996,5,7,49.5
1996,5,8,49.9
1996,5,9,42.1
1996,5,10,32.5
1996,5,11,37.3
1996,5,12,45.9
1996,5,13,51.1
1996,5,14,58.4
1996,5,15,63.8
1996,5,16,65.3
1996,5,17,65.6
1996,5,18,63.2
1996,5,19,60.1
1996,5,20,53.2
1996,5,21,50.5
1996,5,22,57
1996,5,23,51.4
1996,5,24,47.3
1996,5,25,45.4
1996,5,26,45.1
1996,5,27,41.4
1996,5,28,43.9
1996,5,29,50.8
1996,5,30,60.1
1996,5,31,58.1
1996,6,1,57.8
1996,6,2,55.2
1996,6,3,56.2
1996,6,4,64
1996,6,5,63.6
1996,6,6,57.7
1996,6,7,54
1996,6,8,58
1996,6,9,68.5
1996,6,10,68.1
1996,6,11,68.8
1996,6,12,65.7
1996,6,13,68
1996,6,14,69.8
1996,6,15,64.5
1996,6,16,66.8
1996,6,17,64.6
1996,6,18,69.8
1996,6,19,61.2
1996,6,20,55.5
1996,6,21,64.6
1996,6,22,62.1
1996,6,23,61
1996,6,24,70.2
1996,6,25,74.8
1996,6,26,77.5
1996,6,27,77.8
1996,6,28,76.6
1996,6,29,70.3
1996,6,30,68.2
1996,7,1,78.7
1996,7,2,72.8
1996,7,3,77.7
1996,7,4,76.4
1996,7,5,77.8
1996,7,6,69.8
1996,7,7,69.6
1996,7,8,64.5
1996,7,9,62.3
1996,7,10,69.2
1996,7,11,72.4
1996,7,12,66.2
1996,7,13,65
1996,7,14,67.6
1996,7,15,70.7
1996,7,16,79
1996,7,17,80.3
1996,7,18,76.8
1996,7,19,78.7
1996,7,20,77.3
1996,7,21,73.1
1996,7,22,70.9
1996,7,23,71.9
1996,7,24,67.9
1996,7,25,66.3
1996,7,26,70.6
1996,7,27,69.4
1996,7,28,67.2
1996,7,29,69.5
1996,7,30,67.7
1996,7,31,69.5
1996,8,1,72.3
1996,8,2,78.3
1996,8,3,79.2
1996,8,4,71.7
1996,8,5,67.9
1996,8,6,71.9
1996,8,7,66.9
1996,8,8,72.6
1996,8,9,76.8
1996,8,10,66.1
1996,8,11,73.2
1996,8,12,78.9
1996,8,13,80.8
1996,8,14,74.8
1996,8,15,71.4
1996,8,16,69.1
1996,8,17,74.3
1996,8,18,77.4
1996,8,19,68.5
1996,8,20,71.2
1996,8,21,74.8
1996,8,22,68.9
1996,8,23,71.8
1996,8,24,78.1
1996,8,25,75
1996,8,26,67.6
1996,8,27,71.4
1996,8,28,77.4
1996,8,29,73.7
1996,8,30,66.5
1996,8,31,69.7
1996,9,1,71.6
1996,9,2,64.5
1996,9,3,67
1996,9,4,73.3
1996,9,5,81.7
1996,9,6,61.8
1996,9,7,58.5
1996,9,8,64.8
1996,9,9,70.1
1996,9,10,71.6
1996,9,11,62.4
1996,9,12,61.4
1996,9,13,62.3
1996,9,14,64.1
1996,9,15,59.6
1996,9,16,60.2
1996,9,17,61.1
1996,9,18,53.1
1996,9,19,49.1
1996,9,20,51.2
1996,9,21,52
1996,9,22,52.3
1996,9,23,52.7
1996,9,24,49.6
1996,9,25,44.7
1996,9,26,39.5
1996,9,27,45
1996,9,28,58.4
1996,9,29,53.8
1996,9,30,59.2
1996,10,1,56.3
1996,10,2,42.9
1996,10,3,43.6
1996,10,4,58.5
1996,10,5,64
1996,10,6,56.8
1996,10,7,52
1996,10,8,56.6
1996,10,9,53.8
1996,10,10,50.4
1996,10,11,63.4
1996,10,12,64.1
1996,10,13,58.7
1996,10,14,58.7
1996,10,15,51.2
1996,10,16,44.2
1996,10,17,36.6
1996,10,18,36.6
1996,10,19,54.5
1996,10,20,42.5
1996,10,21,35.5
1996,10,22,35.4
1996,10,23,43.4
1996,10,24,38.6
1996,10,25,43.4
1996,10,26,40.8
1996,10,29,32.5
1996,10,30,25.5
1996,10,31,25.6
1996,11,1,30.7
1996,11,2,38.1
1996,11,3,43.4
1996,11,4,43
1996,11,5,35.9
1996,11,6,36.6
1996,11,7,32.7
1996,11,8,31.3
1996,11,9,35.3
1996,11,10,24.9
1996,11,11,19.6
1996,11,12,20.5
1996,11,13,23
1996,11,14,27.7
1996,11,15,29.7
1996,11,16,18.9
1996,11,17,13.1
1996,11,18,11.6
1996,11,19,17.4
1996,11,20,19.8
1996,11,21,13.6
1996,11,22,9.9
1996,11,23,8.2
1996,11,24,6.5
1996,11,25,13.5
1996,11,26,13
1996,11,27,17.7
1996,11,28,28.9
1996,11,29,32.3
1996,11,30,28.4
1996,12,1,26.2
1996,12,2,31
1996,12,3,23.5
1996,12,4,24.6
1996,12,5,25.6
1996,12,6,33.3
1996,12,7,32.3
1996,12,8,25.7
1996,12,9,40.4
1996,12,10,34.6
1996,12,11,32.1
1996,12,12,32.5
1996,12,13,34.8
1996,12,14,26.6
1996,12,15,19.6
1996,12,16,24.8
1996,12,17,9
1996,12,18,3.5
1996,12,19,-2.5
1996,12,20,21.8
1996,12,21,19.2
1996,12,22,-2.1
1996,12,23,-6.3
1996,12,24,-10.6
1996,12,25,-6.1
1996,12,26,-10.8
1996,12,27,2.8
1996,12,28,10.5
1996,12,29,-0.6
1996,12,30,11.7
1996,12,31,35.7
1997,1,1,40.9
1997,1,2,41.8
1997,1,3,38
1997,1,4,31.5
1997,1,5,21.2
1997,1,6,17.7
1997,1,7,24.8
1997,1,8,27.8
1997,1,9,21.6
1997,1,10,-1.1
1997,1,11,-10.2
1997,1,12,-9.6
1997,1,13,-3.7
1997,1,14,7.9
1997,1,15,14.4
1997,1,16,1.9
1997,1,17,4.9
1997,1,18,28.4
1997,1,19,38
1997,1,20,35.8
1997,1,21,42.2
1997,1,22,22.7
1997,1,23,16.7
1997,1,24,12.5
1997,1,25,-5.7
1997,1,26,-5.2
1997,1,27,-1.9
1997,1,28,7.5
1997,1,29,19.8
1997,1,30,31.4
1997,1,31,45.1
1997,2,1,38.6
1997,2,2,36.5
1997,2,3,32.5
1997,2,4,27.5
1997,2,5,16.3
1997,2,6,19.2
1997,2,7,19.6
1997,2,8,18.4
1997,2,9,22.5
1997,2,10,23.6
1997,2,11,23.2
1997,2,12,21.8
1997,2,13,31
1997,2,14,30.9
1997,2,15,32.6
1997,2,16,36.7
1997,2,17,43.5
1997,2,18,42.5
1997,2,19,36.2
1997,2,20,42.3
1997,2,21,33.6
1997,2,22,30.8
1997,2,23,16.5
1997,2,24,22.8
1997,2,25,31.7
1997,2,26,32.1
1997,2,27,26.9
1997,2,28,28.7
1997,3,1,23.5
1997,3,2,32
1997,3,3,28.9
1997,3,4,16.5
1997,3,5,21.2
1997,3,6,22.4
1997,3,7,35.9
1997,3,8,38.5
1997,3,9,35
1997,3,10,43.7
1997,3,11,40.6
1997,3,12,26.6
1997,3,13,21.5
1997,3,14,8.3
1997,3,15,15.5
1997,3,16,40.9
1997,3,17,38.8
1997,3,18,29.7
1997,3,19,51.3
1997,3,20,57.1
1997,3,21,51.2
1997,3,22,41.4
1997,3,23,40.4
1997,3,24,41.3
1997,3,25,38.4
1997,3,26,51.4
1997,3,27,54.3
1997,3,28,39.9
1997,3,29,40.7
1997,3,30,40.4
1997,3,31,51.8
1997,4,1,49.1
1997,4,2,40.6
1997,4,3,43.8
1997,4,4,48.8
1997,4,5,27.3
1997,4,6,22.2
1997,4,7,18
1997,4,8,15.9
1997,4,9,20.6
1997,4,10,17.6
1997,4,11,16.9
1997,4,12,22.8
1997,4,13,22.8
1997,4,14,39.4
1997,4,15,43.7
1997,4,16,40.1
1997,4,17,51
1997,4,18,59
1997,4,19,54.7
1997,4,20,55.4
1997,4,21,51.6
1997,4,22,44.4
1997,4,23,41.4
1997,4,24,42.8
1997,4,25,44.6
1997,4,26,48.4
1997,4,27,47.7
1997,4,28,53
1997,4,29,44.5
1997,4,30,45.7
1997,5,1,42.7
1997,5,2,40.8
1997,5,3,42
1997,5,4,51.9
1997,5,5,55
1997,5,6,58.6
1997,5,7,58.9
1997,5,8,50.7
1997,5,9,48.9
1997,5,10,64.1
1997,5,11,54.6
1997,5,12,47.4
1997,5,13,54.1
1997,5,14,52.1
1997,5,15,54
1997,5,16,67
1997,5,17,67.4
1997,5,18,55.5
1997,5,19,43.8
1997,5,20,47.8
1997,5,21,61
1997,5,22,60
1997,5,23,58.2
1997,5,24,55.2
1997,5,25,54.5
1997,5,26,47.5
1997,5,27,42.1
1997,5,28,43.2
1997,5,29,50.2
1997,5,30,54.1
1997,5,31,64.4
1997,6,1,70.7
1997,6,2,64.4
1997,6,3,63
1997,6,4,63.7
1997,6,5,64.7
1997,6,6,66.1
1997,6,7,66.3
1997,6,8,68.7
1997,6,9,67.7
1997,6,10,63.4
1997,6,11,61.4
1997,6,12,59.1
1997,6,13,58.9
1997,6,14,64.2
1997,6,15,64.7
1997,6,16,65.4
1997,6,17,67.8
1997,6,18,66.4
1997,6,19,66.1
1997,6,20,64.8
1997,6,21,65.3
1997,6,22,72.2
1997,6,23,74
1997,6,24,66.4
1997,6,25,61
1997,6,26,66.1
1997,6,27,74.1
1997,6,28,71.7
1997,6,29,70.4
1997,6,30,68.7
1997,7,1,70.7
1997,7,2,58.4
1997,7,3,58.7
1997,7,4,59.2
1997,7,5,66.4
1997,7,6,64.8
1997,7,7,70.3
1997,7,8,69.7
1997,7,9,74.8
1997,7,10,78.4
1997,7,11,74
1997,7,12,71.1
1997,7,13,67.5
1997,7,14,69.8
1997,7,15,76.3
1997,7,16,81.7
1997,7,17,80.4
1997,7,18,78.8
1997,7,19,71
1997,7,20,67.8
1997,7,21,67.5
1997,7,22,71
1997,7,23,75.1
1997,7,24,74.5
1997,7,25,73.3
1997,7,26,73.9
1997,7,27,71.8
1997,7,28,67
1997,7,29,61.8
1997,7,30,61.2
1997,7,31,71.7
1997,8,1,72.5
1997,8,2,73.1
1997,8,3,75.3
1997,8,4,73.2
1997,8,5,68.4
1997,8,6,68.9
1997,8,7,66.4
1997,8,8,71.3
1997,8,9,67.5
1997,8,10,56.5
1997,8,11,56.7
1997,8,12,64.4
1997,8,13,63
1997,8,14,63.8
1997,8,15,66.3
1997,8,16,60.3
1997,8,17,58.1
1997,8,18,62.8
1997,8,19,68.4
1997,8,20,66.1
1997,8,21,67.3
1997,8,22,71.7
1997,8,23,74.9
1997,8,24,74.1
1997,8,25,73.6
1997,8,26,72.8
1997,8,27,69.9
1997,8,28,69.9
1997,8,29,73.1
1997,8,30,70.4
1997,8,31,72.9
1997,9,1,70.3
1997,9,2,59.9
1997,9,3,64.4
1997,9,4,73.7
1997,9,5,68.9
1997,9,6,69.3
1997,9,7,70.8
1997,9,8,66.1
1997,9,9,59.3
1997,9,10,62.7
1997,9,11,68.3
1997,9,12,72
1997,9,13,66.5
1997,9,14,72.1
1997,9,15,70
1997,9,16,67.5
1997,9,17,60.2
1997,9,18,65.8
1997,9,19,52.2
1997,9,20,44.3
1997,9,21,52.5
1997,9,22,50
1997,9,23,52.6
1997,9,24,54.2
1997,9,25,63.5
1997,9,26,65.5
1997,9,27,59.8
1997,9,28,56.2
1997,9,29,57.6
1997,9,30,59.5
1997,10,1,65.2
1997,10,2,67.7
1997,10,3,65.8
1997,10,4,59
1997,10,5,62.6
1997,10,6,58.5
1997,10,7,56.5
1997,10,8,54.2
1997,10,9,44.6
1997,10,10,57.4
1997,10,11,63.8
1997,10,12,44.6
1997,10,13,37.1
1997,10,14,47.8
1997,10,15,53.4
1997,10,16,50
1997,10,17,57.7
1997,10,18,61.4
1997,10,19,45.8
1997,10,20,40.4
1997,10,21,36.2
1997,10,22,42.2
1997,10,23,46.7
1997,10,24,34.6
1997,10,25,19.6
1997,10,26,15.9
1997,10,27,37.3
1997,10,28,47.3
1997,10,29,45.7
1997,10,30,49.5
1997,10,31,49.3
1997,11,1,48.1
1997,11,2,43.3
1997,11,3,37.7
1997,11,4,45.9
1997,11,5,40
1997,11,6,35
1997,11,7,43.6
1997,11,8,40.5
1997,11,9,30.9
1997,11,10,18.2
1997,11,11,21.7
1997,11,12,19.9
1997,11,13,26
1997,11,14,16.4
1997,11,15,10.2
1997,11,16,17.7
1997,11,17,30.1
1997,11,18,35.8
1997,11,19,33.5
1997,11,20,34
1997,11,21,38.4
1997,11,22,30.5
1997,11,23,25.3
1997,11,24,37.9
1997,11,25,41.5
1997,11,26,31.6
1997,11,27,44.3
1997,11,28,37.9
1997,11,29,40.3
1997,11,30,32.4
1997,12,1,37.1
1997,12,2,34.5
1997,12,3,27.1
1997,12,4,25.5
1997,12,5,15.5
1997,12,6,14.1
1997,12,7,21.6
1997,12,8,19.4
1997,12,9,24.5
1997,12,10,26.2
1997,12,11,30.9
1997,12,12,29.3
1997,12,13,42.1
1997,12,14,39.9
1997,12,15,43.8
1997,12,16,34.9
1997,12,17,41.9
1997,12,18,38.9
1997,12,19,29.2
1997,12,20,19.2
1997,12,21,23.9
1997,12,22,32.7
1997,12,23,25.2
1997,12,24,30.1
1997,12,25,28.8
1997,12,26,34.1
1997,12,27,28.8
1997,12,28,32.5
1997,12,29,37.8
1997,12,30,37.2
1997,12,31,30.9
1998,1,1,45.9
1998,1,2,53.1
1998,1,3,12.8
1998,1,4,16
1998,1,5,17.3
1998,1,6,24.9
1998,1,7,25.7
1998,1,8,24.1
1998,1,9,5.8
1998,1,10,2.2
1998,1,11,0.5
1998,1,12,-4.9
1998,1,13,-2.1
1998,1,14,18.7
1998,1,15,27.1
1998,1,16,32.5
1998,1,17,24.3
1998,1,18,28.7
1998,1,19,24.5
1998,1,20,26.3
1998,1,21,16.9
1998,1,22,23.4
1998,1,23,26.5
1998,1,24,24.7
1998,1,25,35.4
1998,1,26,34.8
1998,1,27,36.8
1998,1,28,38.6
1998,1,29,31.6
1998,1,30,36.2
1998,1,31,38.9
1998,2,1,33.2
1998,2,2,29.4
1998,2,3,29.9
1998,2,4,31.4
1998,2,5,34.5
1998,2,6,33
1998,2,7,35
1998,2,8,39
1998,2,9,35
1998,2,10,35.5
1998,2,11,32.9
1998,2,12,35
1998,2,13,32.3
1998,2,14,35.8
1998,2,15,37.3
1998,2,16,41.6
1998,2,17,36.4
1998,2,18,35.6
1998,2,19,35.8
1998,2,20,29.2
1998,2,21,31.6
1998,2,22,40.6
1998,2,23,39.2
1998,2,24,34.7
1998,2,25,37.4
1998,2,26,28.5
1998,2,27,25.9
1998,2,28,23.1
1998,3,1,20.7
1998,3,2,19.9
1998,3,3,17.4
1998,3,4,17.4
1998,3,5,13.9
1998,3,6,8.9
1998,3,7,15.3
1998,3,8,11.6
1998,3,9,7.9
1998,3,10,2.7
1998,3,11,-4.2
1998,3,12,28.1
1998,3,13,35.1
1998,3,14,24.2
1998,3,15,22.6
1998,3,16,32.8
1998,3,17,39.2
1998,3,18,30.3
1998,3,19,29.9
1998,3,20,40.8
1998,3,21,36.6
1998,3,22,39
1998,3,23,34.1
1998,3,24,44
1998,3,25,54.3
1998,3,26,57.3
1998,3,27,46.9
1998,3,28,36.8
1998,3,29,32.7
1998,3,30,30.8
1998,3,31,33.6
1998,4,1,37.8
1998,4,2,40.1
1998,4,3,42.1
1998,4,4,41.9
1998,4,5,47.6
1998,4,6,44.5
1998,4,7,40.3
1998,4,8,38.3
1998,4,9,38.6
1998,4,10,46.8
1998,4,11,56.9
1998,4,12,61.5
1998,4,13,46
1998,4,14,42.5
1998,4,15,40.7
1998,4,16,34.8
1998,4,17,40.3
1998,4,18,40.1
1998,4,19,38.1
1998,4,20,41.4
1998,4,21,46.9
1998,4,22,51.1
1998,4,23,58.5
1998,4,24,63.1
1998,4,25,57.5
1998,4,26,51
1998,4,27,45.6
1998,4,28,47.9
1998,4,29,51.3
1998,4,30,58.7
1998,5,1,59.7
1998,5,2,44.9
1998,5,3,55
1998,5,4,61.6
1998,5,5,54.1
1998,5,6,58.9
1998,5,7,43.6
1998,5,8,40.6
1998,5,9,43.9
1998,5,10,53.3
1998,5,11,51.9
1998,5,12,52.6
1998,5,13,59.3
1998,5,14,66.6
1998,5,15,59.2
1998,5,16,58.6
1998,5,17,67.1
1998,5,18,65.1
1998,5,19,60.2
1998,5,20,62
1998,5,21,57.6
1998,5,22,53.7
1998,5,23,53.9
1998,5,24,52.6
1998,5,25,57
1998,5,26,60.6
1998,5,27,68.4
1998,5,28,66.9
1998,5,29,63.3
1998,5,30,69.3
1998,5,31,60.6
1998,6,1,64.5
1998,6,2,56
1998,6,3,38.8
1998,6,4,42.8
1998,6,5,45.7
1998,6,6,50.1
1998,6,7,50.1
1998,6,8,47.8
1998,6,9,53.5
1998,6,10,59.9
1998,6,11,60.7
1998,6,12,61.6
1998,6,13,61.3
1998,6,14,59.6
1998,6,15,58.9
1998,6,16,60.1
1998,6,17,55.7
1998,6,18,54.3
1998,6,19,60.4
1998,6,20,61.7
1998,6,21,59.8
1998,6,22,63.1
1998,6,23,64.2
1998,6,24,66.8
1998,6,25,66
1998,6,26,73.1
1998,6,27,67.7
1998,6,28,64.3
1998,6,29,68.7
1998,6,30,68
1998,7,1,68.6
1998,7,2,73.5
1998,7,3,72.1
1998,7,4,70.3
1998,7,5,73.2
1998,7,6,73.1
1998,7,7,71.5
1998,7,8,73.5
1998,7,9,71.2
1998,7,10,74.4
1998,7,11,75.8
1998,7,12,76.2
1998,7,13,76.6
1998,7,14,77.7
1998,7,15,75.9
1998,7,16,74.7
1998,7,17,80.4
1998,7,18,82.6
1998,7,19,80.4
1998,7,20,83.3
1998,7,21,72.4
1998,7,22,66.5
1998,7,23,64
1998,7,24,66.3
1998,7,25,69.6
1998,7,26,72.4
1998,7,27,76.2
1998,7,28,72.5
1998,7,29,65.6
1998,7,30,63.8
1998,7,31,65
1998,8,1,71.5
1998,8,2,69.3
1998,8,3,67.8
1998,8,4,64.9
1998,8,5,66.4
1998,8,6,69
1998,8,7,69.7
1998,8,8,71.4
1998,8,9,75.5
1998,8,10,71.8
1998,8,11,69
1998,8,12,68.8
1998,8,13,73.9
1998,8,14,72.3
1998,8,15,69
1998,8,16,83
1998,8,17,71.5
1998,8,18,77
1998,8,19,75.4
1998,8,20,73.6
1998,8,21,71.2
1998,8,22,74.9
1998,8,23,70.8
1998,8,24,69
1998,8,25,66.1
1998,8,26,72.7
1998,8,27,74.5
1998,8,28,75
1998,8,29,72.8
1998,8,30,71.4
1998,8,31,74
1998,9,1,69.4
1998,9,2,76.5
1998,9,3,80.1
1998,9,4,78.3
1998,9,5,77.9
1998,9,6,71.9
1998,9,7,65.8
1998,9,8,69.3
1998,9,9,79.6
1998,9,10,78.6
1998,9,11,75.3
1998,9,12,71
1998,9,13,68
1998,9,14,67
1998,9,15,66.8
1998,9,16,68.6
1998,9,17,71.9
1998,9,18,73.3
1998,9,19,69.3
1998,9,20,52.4
1998,9,21,46.9
1998,9,22,47.9
1998,9,23,56.2
1998,9,24,59.2
1998,9,25,61.3
1998,9,26,64.7
1998,9,27,56.6
1998,9,28,61.7
1998,9,29,64.2
1998,9,30,55.5
1998,10,1,46.7
1998,10,2,42.6
1998,10,3,43
1998,10,4,42.4
1998,10,5,38.6
1998,10,6,46.1
1998,10,7,48.8
1998,10,8,57.9
1998,10,9,58.5
1998,10,10,55.7
1998,10,11,51.2
1998,10,12,42.5
1998,10,13,45.5
1998,10,14,53.3
1998,10,15,47.5
1998,10,16,46.2
1998,10,17,40.9
1998,10,18,43.9
1998,10,19,45
1998,10,20,45.1
1998,10,21,45.5
1998,10,22,46.5
1998,10,23,56
1998,10,24,56
1998,10,25,47.7
1998,10,26,50.6
1998,10,27,51.4
1998,10,28,49.7
1998,10,29,49.8
1998,10,30,39
1998,10,31,39.5
1998,11,1,39.3
1998,11,2,38.3
1998,11,3,32.2
1998,11,4,27.4
1998,11,5,27.4
1998,11,6,28.5
1998,11,7,28.5
1998,11,8,27.4
1998,11,9,30.2
1998,11,10,24.6
1998,11,11,23.6
1998,11,12,25.4
1998,11,13,34.3
1998,11,14,41.8
1998,11,15,37.6
1998,11,16,46
1998,11,17,37.8
1998,11,18,29.9
1998,11,19,28.6
1998,11,20,34.3
1998,11,21,37.8
1998,11,22,54.1
1998,11,23,39.7
1998,11,24,47.4
1998,11,25,39.3
1998,11,26,46.5
1998,11,27,50.7
1998,11,28,43.4
1998,11,29,52.5
1998,11,30,36.6
1998,12,1,50.5
1998,12,2,50.3
1998,12,3,44.3
1998,12,4,31.6
1998,12,5,31.6
1998,12,6,24.4
1998,12,7,25.1
1998,12,8,27.9
1998,12,9,35.1
1998,12,10,27.5
1998,12,11,35.5
1998,12,12,34.7
1998,12,13,37
1998,12,14,44.1
1998,12,15,34.6
1998,12,16,36.8
1998,12,17,39.7
1998,12,18,32.1
1998,12,19,4.2
1998,12,20,-1.2
1998,12,21,-7.6
1998,12,22,-0.2
1998,12,23,1.6
1998,12,26,26.4
1998,12,27,31.7
1998,12,28,36.2
1998,12,29,15.5
1999,1,1,20.2
1999,1,2,7
1999,1,3,3.6
1999,1,4,6
1999,1,5,32.6
1999,1,6,20.2
1999,1,7,7.7
1999,1,8,11
1999,1,9,15.5
1999,1,11,39.1
1999,1,12,32.9
1999,1,13,24.2
1999,1,14,28.9
1999,1,15,39
1999,1,16,32.1
1999,1,17,35
1999,1,18,23.7
1999,1,19,37.2
1999,1,20,36.7
1999,1,21,34.2
1999,1,22,31.5
1999,1,23,24.8
1999,1,24,13.4
1999,1,25,13.8
1999,1,26,25.9
1999,1,27,24.8
1999,1,28,20.2
1999,1,29,29.9
1999,1,30,30.9
1999,1,31,40.5
1999,2,1,38.9
1999,2,2,30.3
1999,2,3,41.8
1999,2,4,33.1
1999,2,5,43.4
1999,2,6,34.3
1999,2,7,43.7
1999,2,8,47.9
1999,2,9,39.4
1999,2,10,40.6
1999,2,11,26.1
1999,2,12,31.4
1999,2,13,35.9
1999,2,14,43.5
1999,2,15,35.2
1999,2,16,31.5
1999,2,17,30.2
1999,2,18,35.3
1999,2,19,30
1999,2,20,31.7
1999,2,21,29.4
1999,2,22,33.3
1999,2,23,30.4
1999,2,24,37.8
1999,2,25,46.6
1999,2,26,46.9
1999,2,27,41.1
1999,2,28,38.7
1999,3,1,41.7
1999,3,2,32.1
1999,3,3,25.8
1999,3,4,37.2
1999,3,5,26.5
1999,3,6,19.8
1999,3,7,22.6
1999,3,8,28.8
1999,3,9,22.4
1999,3,10,25.1
1999,3,11,22.7
1999,3,12,28.6
1999,3,13,26.6
1999,3,14,33.4
1999,3,15,45
1999,3,16,49.1
1999,3,17,39.7
1999,3,18,35.1
1999,3,19,44.6
1999,3,20,44.5
1999,3,21,38.4
1999,3,22,41.3
1999,3,23,39
1999,3,24,39.3
1999,3,25,40.3
1999,3,26,52.8
1999,3,27,48.5
1999,3,28,37.3
1999,3,29,40.2
1999,3,30,51.7
1999,3,31,49.9
1999,4,1,33.2
1999,4,2,26
1999,4,3,22.5
1999,4,4,23.4
1999,4,5,34.8
1999,4,6,42.9
1999,4,7,50.3
1999,4,8,48.2
1999,4,9,45.5
1999,4,10,38.8
1999,4,11,40.9
1999,4,12,40
1999,4,13,52.2
1999,4,14,46.2
1999,4,15,36.7
1999,4,16,35.3
1999,4,17,36.4
1999,4,18,50.6
1999,4,19,52.7
1999,4,20,55.7
1999,4,21,46.9
1999,4,22,41.4
1999,4,23,39.8
1999,4,24,43.6
1999,4,25,45.2
1999,4,26,47.5
1999,4,27,50.9
1999,4,28,52.4
1999,4,29,49.9
1999,4,30,52.6
1999,5,1,53.9
1999,5,2,52.7
1999,5,3,51.7
1999,5,4,50.6
1999,5,5,48.8
1999,5,6,49.2
1999,5,7,48.5
1999,5,8,49.6
1999,5,9,49
1999,5,10,43.2
1999,5,11,43.5
1999,5,12,47.2
1999,5,13,49.2
1999,5,14,48.7
1999,5,15,48.4
1999,5,16,50.5
1999,5,17,48.1
1999,5,18,54.8
1999,5,19,58.8
1999,5,20,61.7
1999,5,21,58.8
1999,5,22,55.9
1999,5,23,56.5
1999,5,24,61.6
1999,5,25,58.1
1999,5,26,61.9
1999,5,27,59.3
1999,5,28,63
1999,5,29,67.2
1999,5,30,57.6
1999,5,31,47.3
1999,6,1,56.3
1999,6,2,64
1999,6,3,67.4
1999,6,4,65.9
1999,6,5,63.3
1999,6,6,58.3
1999,6,7,61.8
1999,6,8,65.4
1999,6,9,63
1999,6,10,55.3
1999,6,11,53.3
1999,6,12,58.8
1999,6,13,57.2
1999,6,14,58.5
1999,6,15,54.7
1999,6,16,52.6
1999,6,17,57.9
1999,6,18,66.5
1999,6,19,65.9
1999,6,20,71.6
1999,6,21,73.3
1999,6,22,69.3
1999,6,23,61.3
1999,6,24,68
1999,6,25,73.7
1999,6,26,68
1999,6,27,61.7
1999,6,28,58.5
1999,6,29,60
1999,6,30,60.1
1999,7,1,60
1999,7,2,63.5
1999,7,3,69.1
1999,7,4,73.4
1999,7,5,71.1
1999,7,6,64.5
1999,7,7,73.5
1999,7,8,77.2
1999,7,9,67.1
1999,7,10,61.2
1999,7,11,67.1
1999,7,12,74.7
1999,7,13,76.5
1999,7,14,76.9
1999,7,15,77.9
1999,7,16,61.8
1999,7,17,62.9
1999,7,18,68.2
1999,7,19,70.9
1999,7,20,68.2
1999,7,21,76.3
1999,7,22,79
1999,7,23,74.8
1999,7,24,78.6
1999,7,25,78.2
1999,7,26,71
1999,7,27,78.2
1999,7,28,81.3
1999,7,29,82.4
1999,7,30,79.6
1999,7,31,63.6
1999,8,1,59.5
1999,8,2,64.4
1999,8,3,68.3
1999,8,4,70.2
1999,8,5,71.4
1999,8,6,69.8
1999,8,7,69.8
1999,8,8,72
1999,8,9,76.9
1999,8,10,73.7
1999,8,11,74.3
1999,8,12,66.6
1999,8,13,59.7
1999,8,14,68.9
1999,8,15,77.3
1999,8,16,67.2
1999,8,17,70.5
1999,8,18,68.3
1999,8,19,68.6
1999,8,20,74.6
1999,8,21,72
1999,8,22,70.4
1999,8,23,70.1
1999,8,24,68
1999,8,25,73.7
1999,8,26,77.9
1999,8,27,77
1999,8,28,74.5
1999,8,29,71.4
1999,8,30,70.3
1999,8,31,78.8
1999,9,1,67.6
1999,9,2,58.6
1999,9,3,54.1
1999,9,4,51.3
1999,9,5,53.2
1999,9,6,65.6
1999,9,7,64.3
1999,9,8,53.9
1999,9,9,55.2
1999,9,10,60.2
1999,9,11,62.2
1999,9,12,49.1
1999,9,13,51
1999,9,14,52.1
1999,9,15,52.8
1999,9,16,59.5
1999,9,17,64.1
1999,9,18,63
1999,9,19,51.3
1999,9,20,50.9
1999,9,21,55
1999,9,22,65.3
1999,9,23,68
1999,9,24,64
1999,9,25,62.7
1999,9,26,52.9
1999,9,27,40.8
1999,9,28,41.8
1999,9,29,47.9
1999,9,30,53.8
1999,10,1,38.2
1999,10,2,33.7
1999,10,3,35.7
1999,10,4,47.7
1999,10,5,53.9
1999,10,6,53.9
1999,10,7,57.4
1999,10,8,55.2
1999,10,9,56.2
1999,10,10,54.3
1999,10,11,56.4
1999,10,12,56.4
1999,10,13,48.7
1999,10,14,58.2
1999,10,15,48.8
1999,10,16,40.9
1999,10,17,36.1
1999,10,18,46.3
1999,10,19,40
1999,10,20,48.1
1999,10,21,56.2
1999,10,22,50
1999,10,23,44.6
1999,10,24,50.7
1999,10,25,58.3
1999,10,26,58.2
1999,10,27,48
1999,10,28,39.8
1999,10,29,54.7
1999,10,30,49.4
1999,10,31,53.3
1999,11,1,47.6
1999,11,2,31.5
1999,11,3,47.1
1999,11,4,50.3
1999,11,5,43.5
1999,11,6,49.2
1999,11,7,56
1999,11,8,61.7
1999,11,9,57.5
1999,11,10,46.3
1999,11,11,53
1999,11,12,52.7
1999,11,13,59
1999,11,14,46.1
1999,11,15,52.4
1999,11,16,44.1
1999,11,17,44
1999,11,18,40.1
1999,11,19,34
1999,11,20,38
1999,11,21,41.5
1999,11,22,30.4
1999,11,23,31.6
1999,11,24,29.3
1999,11,25,34.5
1999,11,26,36.2
1999,11,27,34.5
1999,11,28,33.9
1999,11,29,34.7
1999,11,30,39.6
1999,12,1,51.5
1999,12,2,38
1999,12,3,35.4
1999,12,4,33.3
1999,12,5,25.2
1999,12,6,36.1
1999,12,7,32.9
1999,12,8,27.6
1999,12,9,25.6
1999,12,10,27.2
1999,12,11,31.3
1999,12,12,33.1
1999,12,13,33.8
1999,12,14,32.5
1999,12,15,25.7
1999,12,16,33
1999,12,17,35.9
1999,12,18,35.4
1999,12,19,29.1
1999,12,20,11.9
1999,12,21,20.9
1999,12,22,17.8
1999,12,23,34.9
1999,12,24,41.3
1999,12,25,43.7
1999,12,26,36.9
1999,12,27,42.4
1999,12,28,52.8
1999,12,29,44.5
1999,12,30,35.8
1999,12,31,34.2
2000,1,1,26.9
2000,1,2,26.4
2000,1,3,22
2000,1,4,14.1
2000,1,5,35.8
2000,1,6,27.8
2000,1,7,27.4
2000,1,8,32.4
2000,1,9,36.4
2000,1,10,30.7
2000,1,11,21.9
2000,1,12,17.4
2000,1,13,21.9
2000,1,14,35.8
2000,1,15,38.4
2000,1,16,26.6
2000,1,17,35.3
2000,1,18,33
2000,1,19,30.3
2000,1,20,19.4
2000,1,21,25.2
2000,1,22,31
2000,1,23,20.9
2000,1,24,24.6
2000,1,25,16.3
2000,1,26,26.2
2000,1,27,24.4
2000,1,28,28
2000,1,29,20.9
2000,1,30,17.3
2000,1,31,17.4
2000,2,1,15.9
2000,2,2,36.4
2000,2,3,36.4
2000,2,4,26.8
2000,2,5,29
2000,2,6,33.4
2000,2,7,35.2
2000,2,8,42.1
2000,2,9,41.8
2000,2,10,26.8
2000,2,11,15
2000,2,12,22.2
2000,2,13,15.2
2000,2,14,17.4
2000,2,15,23.4
2000,2,16,24
2000,2,17,28.3
2000,2,18,22.1
2000,2,19,29.6
2000,2,20,32.2
2000,2,21,48.7
2000,2,22,50.9
2000,2,23,46.4
2000,2,24,43
2000,2,25,41
2000,2,26,33.3
2000,2,27,34.9
2000,2,28,43.9
2000,2,29,43
2000,3,1,34
2000,3,2,39.2
2000,3,3,44.2
2000,3,4,45.7
2000,3,5,52.2
2000,3,6,50.3
2000,3,7,41.4
2000,3,8,36.1
2000,3,9,21.3
2000,3,10,22.5
2000,3,11,29.6
2000,3,12,31.9
2000,3,13,33.9
2000,3,14,36.3
2000,3,15,33.3
2000,3,16,28.6
2000,3,17,37.2
2000,3,18,40.4
2000,3,19,40
2000,3,20,36.6
2000,3,21,34.8
2000,3,22,39.5
2000,3,23,46.7
2000,3,24,47.7
2000,3,25,40.9
2000,3,26,48.1
2000,3,27,45.3
2000,3,28,40.8
2000,3,29,47.1
2000,3,30,41.8
2000,3,31,39.3
2000,4,1,40.8
2000,4,2,41.7
2000,4,3,33.4
2000,4,4,42
2000,4,5,55.8
2000,4,6,38.5
2000,4,7,36.6
2000,4,8,38.4
2000,4,9,44.2
2000,4,10,44.4
2000,4,11,33.1
2000,4,12,40.8
2000,4,13,55.2
2000,4,14,37.9
2000,4,15,20.7
2000,4,16,27.3
2000,4,17,46.2
2000,4,18,53.8
2000,4,19,36.6
2000,4,20,33.1
2000,4,21,39.7
2000,4,22,53.2
2000,4,23,55.7
2000,4,24,49.8
2000,4,25,49.7
2000,4,26,51.7
2000,4,27,49.7
2000,4,28,49
2000,4,29,51.4
2000,4,30,50.1
2000,5,1,53.7
2000,5,2,60.9
2000,5,3,65.8
2000,5,4,65.1
2000,5,5,68.3
2000,5,6,60.2
2000,5,7,55.9
2000,5,8,48.2
2000,5,9,52.1
2000,5,10,56.8
2000,5,11,51.6
2000,5,12,44.1
2000,5,13,42.1
2000,5,14,50.2
2000,5,15,56.3
2000,5,16,59
2000,5,17,54.7
2000,5,18,46
2000,5,19,52.5
2000,5,20,59.2
2000,5,21,60.7
2000,5,22,65.5
2000,5,23,61.3
2000,5,24,55.9
2000,5,25,56.5
2000,5,26,57.3
2000,5,27,57.4
2000,5,28,64.2
2000,5,29,64.2
2000,5,30,53.8
2000,5,31,53.7
2000,6,1,54.1
2000,6,2,50.8
2000,6,3,62.5
2000,6,4,56.2
2000,6,5,54.6
2000,6,6,67.1
2000,6,7,73.4
2000,6,8,77.7
2000,6,9,76
2000,6,10,68.9
2000,6,11,66.7
2000,6,12,67.9
2000,6,13,64.8
2000,6,14,61.1
2000,6,15,62.8
2000,6,16,54.5
2000,6,17,52.5
2000,6,18,58
2000,6,19,67.5
2000,6,20,59.1
2000,6,21,60.2
2000,6,22,69
2000,6,23,69.6
2000,6,24,65.6
2000,6,25,63.9
2000,6,26,59
2000,6,27,56.5
2000,6,28,59.7
2000,6,29,62.5
2000,6,30,70.8
2000,7,1,76.1
2000,7,2,74.5
2000,7,3,74.8
2000,7,4,72.9
2000,7,5,71.5
2000,7,6,77.6
2000,7,7,77.9
2000,7,8,76
2000,7,9,72
2000,7,10,71
2000,7,11,73.1
2000,7,12,76.7
2000,7,13,79.3
2000,7,14,80.4
2000,7,15,77.7
2000,7,16,68.9
2000,7,17,63.7
2000,7,18,64.3
2000,7,19,63.9
2000,7,20,61.6
2000,7,21,63.4
2000,7,22,66.9
2000,7,23,72.8
2000,7,24,79.7
2000,7,25,73.3
2000,7,26,73.7
2000,7,27,78.3
2000,7,28,77.7
2000,7,29,74.9
2000,7,30,77.2
2000,7,31,80.2
2000,8,1,77.3
2000,8,2,73.7
2000,8,3,73.2
2000,8,4,77
2000,8,5,78.8
2000,8,6,74.7
2000,8,7,72.3
2000,8,8,72.1
2000,8,9,75.7
2000,8,10,85.3
2000,8,11,84.7
2000,8,12,78
2000,8,13,76.5
2000,8,14,82.9
2000,8,15,72.4
2000,8,16,71.2
2000,8,17,69.5
2000,8,18,66.4
2000,8,19,75.1
2000,8,20,73.3
2000,8,21,68.8
2000,8,22,69.4
2000,8,23,72.1
2000,8,24,81.8
2000,8,25,81.3
2000,8,26,75.2
2000,8,27,78.5
2000,8,28,69.6
2000,8,29,65.8
2000,8,30,78.3
2000,8,31,62
2000,9,1,68
2000,9,2,75.4
2000,9,3,73.1
2000,9,4,73.3
2000,9,5,77.9
2000,9,6,72.5
2000,9,7,60.2
2000,9,8,70
2000,9,9,71.6
2000,9,10,61.5
2000,9,11,62.1
2000,9,12,61.8
2000,9,13,69.9
2000,9,14,65.3
2000,9,15,66.1
2000,9,16,73.5
2000,9,17,73.6
2000,9,18,79.8
2000,9,19,62.9
2000,9,20,52.4
2000,9,21,51.5
2000,9,22,43.1
2000,9,23,34.3
2000,9,24,38.9
2000,9,25,47.6
2000,9,26,57.4
2000,9,27,59.3
2000,9,28,62.3
2000,9,29,67.3
2000,9,30,64.8
2000,10,1,60.4
2000,10,2,52.7
2000,10,3,46.3
2000,10,4,39.8
2000,10,5,35.8
2000,10,6,30.6
2000,10,7,28.6
2000,10,8,35.6
2000,10,9,49.1
2000,10,10,51.9
2000,10,11,55.3
2000,10,12,56.1
2000,10,13,55.6
2000,10,14,48
2000,10,15,43.6
2000,10,16,51.4
2000,10,17,54.1
2000,10,18,56.9
2000,10,19,62.8
2000,10,20,55.2
2000,10,21,58.3
2000,10,22,53
2000,10,23,46.4
2000,10,24,52.2
2000,10,25,54.4
2000,10,26,50.2
2000,10,27,48.4
2000,10,28,54.9
2000,10,29,55.3
2000,10,30,53
2000,10,31,49.6
2000,11,1,42.6
2000,11,2,40.9
2000,11,3,35.5
2000,11,4,36.8
2000,11,5,40.8
2000,11,6,27.1
2000,11,7,19.7
2000,11,8,23.3
2000,11,9,18
2000,11,10,16.4
2000,11,11,16.2
2000,11,12,11.2
2000,11,13,15
2000,11,14,19.2
2000,11,15,24.3
2000,11,16,18.2
2000,11,17,18.8
2000,11,18,23.5
2000,11,19,30.6
2000,11,20,22.9
2000,11,21,30.4
2000,11,22,29.7
2000,11,23,34.3
2000,11,24,35
2000,11,25,37.4
2000,11,26,28.3
2000,11,27,34.7
2000,11,28,37.8
2000,11,29,29.7
2000,11,30,24.7
2000,12,1,20.5
2000,12,2,22.6
2000,12,3,33.5
2000,12,4,32.6
2000,12,5,22
2000,12,6,27.6
2000,12,7,38.8
2000,12,8,28.7
2000,12,9,28.7
2000,12,10,0.7
2000,12,11,-1.9
2000,12,12,-9
2000,12,13,-1.6
2000,12,14,11.5
2000,12,15,15.1
2000,12,16,6.1
2000,12,17,11.2
2000,12,18,25.7
2000,12,19,16.8
2000,12,20,26.7
2000,12,21,3
2000,12,22,4
2000,12,23,12.3
2000,12,24,7.4
2000,12,25,14.7
2000,12,26,17.3
2000,12,27,29.9
2000,12,28,36.9
2000,12,29,28.2
2000,12,30,16.4
2000,12,31,11.1
2001,1,1,13.1
2001,1,2,28.8
2001,1,3,40.7
2001,1,4,44.1
2001,1,5,36.6
2001,1,6,42.4
2001,1,7,38.3
2001,1,8,29
2001,1,9,36.6
2001,1,10,34.1
2001,1,11,36.1
2001,1,12,31.6
2001,1,13,28.2
2001,1,14,21
2001,1,15,25.8
2001,1,16,20.3
2001,1,17,18.2
2001,1,18,30.3
2001,1,19,18.4
2001,1,20,30.8
2001,1,21,31.9
2001,1,22,34.8
2001,1,23,29
2001,1,24,26.9
2001,1,25,33.7
2001,1,26,28.7
2001,1,27,23.2
2001,1,28,24.8
2001,1,29,31.1
2001,1,30,34
2001,1,31,25.1
2001,2,1,15.3
2001,2,2,25.2
2001,2,3,40.8
2001,2,4,38.5
2001,2,5,37.3
2001,2,6,29.3
2001,2,7,15.6
2001,2,8,8
2001,2,9,-3.9
2001,2,10,1.8
2001,2,11,-0.5
2001,2,12,6.8
2001,2,13,17.3
2001,2,14,6.5
2001,2,15,12.2
2001,2,16,7.6
2001,2,17,9
2001,2,18,17.4
2001,2,19,35.3
2001,2,20,21.9
2001,2,21,21.7
2001,2,22,27.8
2001,2,23,22
2001,2,24,24.4
2001,2,25,20.8
2001,2,26,14
2001,2,27,7.6
2001,2,28,13.2
2001,3,1,24.5
2001,3,2,29.5
2001,3,3,34.6
2001,3,4,32.1
2001,3,5,26.2
2001,3,6,30.9
2001,3,7,36.9
2001,3,8,34.4
2001,3,9,37.1
2001,3,10,34.5
2001,3,11,27.4
2001,3,12,33.7
2001,3,13,42.4
2001,3,14,40
2001,3,15,30.3
2001,3,16,28.6
2001,3,17,33
2001,3,18,40.2
2001,3,19,37.8
2001,3,20,44.7
2001,3,21,42.9
2001,3,22,36.5
2001,3,23,28.3
2001,3,24,24.7
2001,3,25,26.5
2001,3,26,29.3
2001,3,27,36
2001,3,28,39.9
2001,3,29,42
2001,3,30,38.9
2001,3,31,34.2
2001,4,1,40.5
2001,4,2,37.8
2001,4,3,37.8
2001,4,4,42.5
2001,4,5,41.2
2001,4,6,43.8
2001,4,7,41.3
2001,4,8,43.2
2001,4,9,42.5
2001,4,10,40.7
2001,4,11,41.9
2001,4,12,41
2001,4,13,44.3
2001,4,14,41.8
2001,4,15,39.2
2001,4,16,32.4
2001,4,17,34
2001,4,18,54.5
2001,4,19,58.6
2001,4,20,49.5
2001,4,21,40.5
2001,4,22,31.7
2001,4,23,34.7
2001,4,24,47.4
2001,4,25,55.8
2001,4,26,63.3
2001,4,27,62.3
2001,4,28,68.1
2001,4,29,64.2
2001,4,30,54.1
2001,5,1,59.7
2001,5,2,48.9
2001,5,3,49.4
2001,5,4,50.7
2001,5,5,45.6
2001,5,6,48.1
2001,5,7,47.8
2001,5,8,57.3
2001,5,9,62.9
2001,5,10,54.4
2001,5,11,52.8
2001,5,12,60.9
2001,5,13,68.8
2001,5,14,74.3
2001,5,15,66.8
2001,5,16,60.6
2001,5,17,57.3
2001,5,18,60.2
2001,5,19,64.2
2001,5,20,56.2
2001,5,21,47.7
2001,5,22,51.9
2001,5,23,54.9
2001,5,24,49.1
2001,5,25,49.5
2001,5,26,56.5
2001,5,27,65.7
2001,5,28,62.8
2001,5,29,59.2
2001,5,30,59
2001,5,31,60.6
2001,6,1,59.1
2001,6,2,59.9
2001,6,3,55.7
2001,6,4,50.8
2001,6,5,51.3
2001,6,6,59.8
2001,6,7,59.2
2001,6,8,62.2
2001,6,9,68.5
2001,6,10,67.8
2001,6,11,69.6
2001,6,12,61.1
2001,6,13,60.7
2001,6,14,55.2
2001,6,15,55.6
2001,6,16,60.3
2001,6,17,64.3
2001,6,18,64.9
2001,6,19,56.2
2001,6,20,57.9
2001,6,21,60.4
2001,6,22,65.9
2001,6,23,75.4
2001,6,24,81.9
2001,6,25,80.1
2001,6,26,72.3
2001,6,27,75.6
2001,6,28,78.7
2001,6,29,75.7
2001,6,30,72.6
2001,7,1,58.7
2001,7,2,61.7
2001,7,3,69.9
2001,7,4,73.6
2001,7,5,76.9
2001,7,6,83.1
2001,7,7,75.3
2001,7,8,73.3
2001,7,9,73.3
2001,7,10,71.4
2001,7,11,72.2
2001,7,12,72.8
2001,7,13,75.7
2001,7,14,75.5
2001,7,15,71
2001,7,16,76.7
2001,7,17,78.2
2001,7,18,77.9
2001,7,19,76.8
2001,7,20,76.4
2001,7,21,80.9
2001,7,22,76.5
2001,7,23,74.7
2001,7,24,72.8
2001,7,25,73.1
2001,7,26,69.2
2001,7,27,69.3
2001,7,28,75.7
2001,7,29,76.3
2001,7,30,78.2
2001,7,31,74.8
2001,8,1,73.6
2001,8,2,77.2
2001,8,3,82.3
2001,8,4,85.1
2001,8,5,84.2
2001,8,6,81.8
2001,8,7,87.3
2001,8,8,83.7
2001,8,9,67.9
2001,8,10,63.7
2001,8,11,73
2001,8,12,72.9
2001,8,13,72.2
2001,8,14,73.2
2001,8,15,70.7
2001,8,16,65.6
2001,8,17,73
2001,8,18,68.8
2001,8,19,69.9
2001,8,20,75
2001,8,21,79.3
2001,8,22,75.3
2001,8,23,72.9
2001,8,24,73.2
2001,8,25,76.6
2001,8,26,76.8
2001,8,27,72.9
2001,8,28,73.5
2001,8,29,70.2
2001,8,30,67.1
2001,8,31,70.4
2001,9,1,76
2001,9,2,78.5
2001,9,3,72.1
2001,9,4,78.8
2001,9,5,81.7
2001,9,6,71.5
2001,9,7,58.9
2001,9,8,52.8
2001,9,9,51.4
2001,9,10,56.9
2001,9,11,69.6
2001,9,12,61.8
2001,9,13,56.2
2001,9,14,54.4
2001,9,15,53.1
2001,9,16,55.5
2001,9,17,55.2
2001,9,18,58.9
2001,9,19,64
2001,9,20,63.1
2001,9,21,57.3
2001,9,22,67.2
2001,9,23,50.2
2001,9,24,52.1
2001,9,25,60.4
2001,9,26,61.7
2001,9,27,65.2
2001,9,28,64.5
2001,9,29,68.4
2001,9,30,61.4
2001,10,1,63.3
2001,10,2,66.2
2001,10,3,51.6
2001,10,4,47.6
2001,10,5,40.3
2001,10,6,42.8
2001,10,7,51.2
2001,10,8,60.3
2001,10,9,52.1
2001,10,10,48.2
2001,10,11,42.9
2001,10,12,47.4
2001,10,13,44.7
2001,10,14,43.6
2001,10,15,41.3
2001,10,16,37.2
2001,10,17,51.7
2001,10,18,45.6
2001,10,19,46.4
2001,10,20,50.8
2001,10,21,47.8
2001,10,22,53
2001,10,23,49.7
2001,10,24,40.2
2001,10,25,37.6
2001,10,26,35
2001,10,27,44.4
2001,10,28,58
2001,10,29,40.5
2001,10,30,45.7
2001,10,31,51.1
2001,11,1,48.9
2001,11,2,44.2
2001,11,3,50.3
2001,11,4,49.4
2001,11,5,52
2001,11,6,52
2001,11,7,47.4
2001,11,8,37.2
2001,11,9,45.4
2001,11,10,47.1
2001,11,11,44.2
2001,11,12,48.4
2001,11,13,46.9
2001,11,14,51
2001,11,15,51.7
2001,11,16,47.2
2001,11,17,45.3
2001,11,18,40.4
2001,11,19,25.3
2001,11,20,40.4
2001,11,21,43.2
2001,11,22,41.7
2001,11,23,39.1
2001,11,24,39.6
2001,11,25,32.2
2001,11,26,20.9
2001,11,27,10.9
2001,11,28,4.1
2001,11,29,15.1
2001,11,30,25.9
2001,12,1,25.1
2001,12,2,40
2001,12,3,41.8
2001,12,4,37.7
2001,12,5,33.9
2001,12,6,35.2
2001,12,7,35
2001,12,8,31.8
2001,12,9,38.5
2001,12,10,31.4
2001,12,11,27.3
2001,12,12,24
2001,12,13,25.1
2001,12,14,31.4
2001,12,15,32.8
2001,12,16,28.9
2001,12,17,34.6
2001,12,18,35.4
2001,12,19,24.4
2001,12,20,31.6
2001,12,21,33.8
2001,12,22,23.5
2001,12,23,22.7
2001,12,24,21.8
2001,12,25,26.9
2001,12,26,34.6
2001,12,27,32.6
2001,12,28,22.7
2001,12,29,13.6
2001,12,30,10.9
2001,12,31,7.7
2002,1,1,8.3
2002,1,2,9.2
2002,1,3,25.2
2002,1,4,39.6
2002,1,5,34.9
2002,1,6,31.9
2002,1,7,38
2002,1,8,47.4
2002,1,9,44.4
2002,1,10,35.1
2002,1,11,33.5
2002,1,12,32.5
2002,1,13,38.9
2002,1,14,29.4
2002,1,15,17
2002,1,16,15.5
2002,1,17,20.1
2002,1,18,12.6
2002,1,19,20.3
2002,1,20,29.6
2002,1,21,33.6
2002,1,22,38.8
2002,1,23,26.7
2002,1,24,26.6
2002,1,25,41.9
2002,1,26,46.1
2002,1,27,31.4
2002,1,28,12.9
2002,1,29,6.4
2002,1,30,13.6
2002,1,31,18.2
2002,2,1,27.3
2002,2,2,32.4
2002,2,3,28
2002,2,4,27.4
2002,2,5,29.8
2002,2,6,39.3
2002,2,7,42.2
2002,2,8,37.7
2002,2,9,30.1
2002,2,10,25.6
2002,2,11,39.4
2002,2,12,30.9
2002,2,13,29.1
2002,2,14,40.8
2002,2,15,30.2
2002,2,16,53.4
2002,2,17,44.3
2002,2,18,42.6
2002,2,19,37
2002,2,20,31.6
2002,2,21,40
2002,2,22,42.5
2002,2,23,43.1
2002,2,24,22.7
2002,2,25,11.1
2002,2,26,8.1
2002,2,27,16.2
2002,2,28,17.9
2002,3,1,5.3
2002,3,2,2.5
2002,3,3,5.9
2002,3,4,33.4
2002,3,5,39.5
2002,3,6,22
2002,3,7,17.7
2002,3,8,11.3
2002,3,9,7.5
2002,3,10,15.9
2002,3,11,31.6
2002,3,12,48.2
2002,3,13,36.7
2002,3,14,26.7
2002,3,15,17.8
2002,3,16,19.5
2002,3,17,27.9
2002,3,18,25.1
2002,3,19,23.6
2002,3,20,18.6
2002,3,21,6.6
2002,3,22,7.8
2002,3,23,21.9
2002,3,24,21.3
2002,3,25,15.4
2002,3,26,21.4
2002,3,27,32.3
2002,3,28,33.4
2002,3,29,36.3
2002,3,30,36.3
2002,3,31,34.9
2002,4,1,41.9
2002,4,2,20.6
2002,4,3,17.2
2002,4,4,29.1
2002,4,5,38.8
2002,4,6,57.5
2002,4,7,50.8
2002,4,8,40
2002,4,9,48.6
2002,4,10,51.3
2002,4,11,49.9
2002,4,12,52.6
2002,4,13,60.1
2002,4,14,63.8
2002,4,15,59.9
2002,4,16,51.6
2002,4,17,47.2
2002,4,18,48.5
2002,4,19,33.4
2002,4,20,36
2002,4,21,31.8
2002,4,22,45.2
2002,4,23,53.6
2002,4,24,40.6
2002,4,25,39
2002,4,26,39.3
2002,4,27,43.1
2002,4,28,42.9
2002,4,29,51.8
2002,4,30,49.3
2002,5,1,38.4
2002,5,2,42
2002,5,3,54.3
2002,5,4,46.4
2002,5,5,55.1
2002,5,6,47.3
2002,5,7,37.2
2002,5,8,42
2002,5,9,41.1
2002,5,10,47.2
2002,5,11,43.2
2002,5,12,48.2
2002,5,13,53.9
2002,5,14,60.1
2002,5,15,61.4
2002,5,16,50.5
2002,5,17,47.3
2002,5,18,50.6
2002,5,19,51.7
2002,5,20,53
2002,5,21,62.9
2002,5,22,58.3
2002,5,23,44
2002,5,24,39
2002,5,25,53.9
2002,5,26,60.4
2002,5,27,60.4
2002,5,28,66.2
2002,5,29,69.9
2002,5,30,71.8
2002,5,31,68.8
2002,6,1,71.5
2002,6,2,62.5
2002,6,3,58.6
2002,6,4,59.5
2002,6,5,59.1
2002,6,6,69
2002,6,7,66.1
2002,6,8,64.6
2002,6,9,71.7
2002,6,10,67.9
2002,6,11,62.2
2002,6,12,62.1
2002,6,13,59.2
2002,6,14,62.4
2002,6,15,68
2002,6,16,69.5
2002,6,17,74.6
2002,6,22,81.9
2002,6,23,76.5
2002,6,24,78.6
2002,6,25,80.2
2002,6,26,79.9
2002,6,27,81.1
2002,6,28,86.2
2002,6,29,89.4
2002,6,30,84
2002,7,1,78.4
2002,7,2,76.9
2002,7,3,76.8
2002,7,4,85.2
2002,7,5,79.7
2002,7,6,79.1
2002,7,7,75.5
2002,7,8,78.3
2002,7,9,79
2002,7,10,71.1
2002,7,11,66.2
2002,7,12,70.9
2002,7,13,77.8
2002,7,14,82
2002,7,15,89.3
2002,7,16,88.4
2002,7,17,86.7
2002,7,18,80.9
2002,7,19,82
2002,7,20,85.1
2002,7,21,71.1
2002,7,22,69.8
2002,7,23,75.1
2002,7,24,79
2002,7,25,79.2
2002,7,26,76.4
2002,7,27,76.7
2002,7,28,73.1
2002,7,29,75
2002,7,30,82.2
2002,7,31,83.2
2002,8,1,71.4
2002,8,2,69.5
2002,8,3,82.1
2002,8,4,71.4
2002,8,5,68.4
2002,8,6,75.7
2002,8,7,84.9
2002,8,8,77
2002,8,9,65.2
2002,8,10,68.8
2002,8,11,76
2002,8,12,62.4
2002,8,13,63.5
2002,8,14,74.4
2002,8,15,69.5
2002,8,16,72.4
2002,8,17,59.2
2002,8,18,60.7
2002,8,19,65.3
2002,8,20,72.8
2002,8,21,69.3
2002,8,22,68.8
2002,8,23,70.7
2002,8,24,69.4
2002,8,25,70.4
2002,8,26,71.4
2002,8,27,59.4
2002,8,28,70.8
2002,8,29,74
2002,8,30,75.3
2002,8,31,76.9
2002,9,1,77.2
2002,9,2,71.2
2002,9,3,71.3
2002,9,4,79.2
2002,9,5,77.5
2002,9,6,82.1
2002,9,8,72.6
2002,9,9,60.8
2002,9,10,60.5
2002,9,11,64.2
2002,9,12,61
2002,9,13,57.9
2002,9,14,61
2002,9,15,64.9
2002,9,16,69.7
2002,9,17,71.6
2002,9,18,59
2002,9,19,56.6
2002,9,20,55.7
2002,9,21,51.9
2002,9,22,47.4
2002,9,23,49.6
2002,9,24,52.6
2002,9,25,46.1
2002,9,26,47.3
2002,9,27,49.5
2002,9,28,45.7
2002,9,29,54.3
2002,9,30,65.1
2002,10,1,49.2
2002,10,2,40.7
2002,10,3,44
2002,10,4,48.9
2002,10,5,45.7
2002,10,6,44.6
2002,10,7,52.6
2002,10,8,49.6
2002,10,9,49.2
2002,10,10,52.7
2002,10,11,52.5
2002,10,12,38.9
2002,10,13,40.4
2002,10,14,50.2
2002,10,15,43.2
2002,10,16,41.7
2002,10,17,40.8
2002,10,18,48.6
2002,10,19,41.3
2002,10,20,45.5
2002,10,21,34.8
2002,10,22,27.8
2002,10,23,21.9
2002,10,24,25.8
2002,10,25,32.8
2002,10,26,37
2002,10,27,35.1
2002,10,28,35.6
2002,10,29,28.8
2002,10,30,15.5
2002,10,31,14.4
2002,11,1,15
2002,11,2,21.6
2002,11,3,32.3
2002,11,4,32.6
2002,11,5,39.1
2002,11,6,42
2002,11,7,46.2
2002,11,8,48.6
2002,11,9,49.6
2002,11,10,34.8
2002,11,11,34.5
2002,11,12,40.2
2002,11,13,46.2
2002,11,14,41.8
2002,11,15,41
2002,11,16,37.6
2002,11,17,44.7
2002,11,18,41.7
2002,11,19,44.1
2002,11,20,52.7
2002,11,21,50.4
2002,11,22,45.9
2002,11,23,38
2002,11,24,24
2002,11,25,14.5
2002,11,26,18.7
2002,11,27,26.8
2002,11,28,38.8
2002,11,29,46.1
2002,11,30,32.1
2002,12,1,37.6
2002,12,2,37.4
2002,12,3,25.8
2002,12,4,14.1
2002,12,5,13.6
2002,12,6,30.7
2002,12,7,31.6
2002,12,8,27.8
2002,12,9,31.6
2002,12,10,36.2
2002,12,11,39.5
2002,12,12,35.5
2002,12,13,33.2
2002,12,14,40.2
2002,12,15,43.9
2002,12,16,43.8
2002,12,17,38.5
2002,12,18,34.3
2002,12,19,35.1
2002,12,20,32.6
2002,12,21,22.3
2002,12,22,16.7
2002,12,23,17.8
2002,12,24,16.6
2002,12,25,22.5
2002,12,26,21.5
2002,12,27,32.4
2002,12,28,46.6
2002,12,29,41.2
2002,12,30,39.5
2002,12,31,26.1
2003,1,1,31.1
2003,1,2,27
2003,1,3,39.4
2003,1,4,45.9
2003,1,5,34.6
2003,1,6,37.9
2003,1,7,40.5
2003,1,8,46.5
2003,1,9,31
2003,1,10,15.3
2003,1,11,12.2
2003,1,12,26.7
2003,1,13,25.8
2003,1,14,14.5
2003,1,15,13.6
2003,1,16,13.7
2003,1,17,12.6
2003,1,18,23.5
2003,1,19,34.5
2003,1,20,27.1
2003,1,21,11.1
2003,1,22,3.2
2003,1,23,-1
2003,1,24,27.4
2003,1,25,21.5
2003,1,26,5.1
2003,1,27,35.8
2003,1,28,38.9
2003,1,29,30.1
2003,1,30,35.3
2003,1,31,37.9
2003,2,1,44.9
2003,2,2,36.7
2003,2,3,23.4
2003,2,4,22.3
2003,2,5,18.8
2003,2,6,10.8
2003,2,7,5.4
2003,2,8,27
2003,2,9,15.1
2003,2,10,18.8
2003,2,11,24.9
2003,2,12,21.7
2003,2,13,27.1
2003,2,14,27
2003,2,15,16.5
2003,2,16,28.3
2003,2,17,41.1
2003,2,18,36.6
2003,2,19,34.8
2003,2,20,36.3
2003,2,21,32.8
2003,2,22,11.4
2003,2,23,1
2003,2,24,-5
2003,2,25,2
2003,2,26,18.4
2003,2,27,23.3
2003,2,28,26.3
2003,3,2,18.4
2003,3,3,30.5
2003,3,4,9.8
2003,3,5,14.3
2003,3,6,23.5
2003,3,7,19.2
2003,3,8,6
2003,3,9,6
2003,3,10,18.8
2003,3,11,38.7
2003,3,12,30.8
2003,3,13,49.1
2003,3,14,56.3
2003,3,15,58.3
2003,3,16,50.1
2003,3,17,48.4
2003,3,18,35.4
2003,3,19,34.3
2003,3,20,39.1
2003,3,21,39.2
2003,3,22,46.9
2003,3,23,48.4
2003,3,24,42.2
2003,3,25,40.4
2003,3,26,44.9
2003,3,27,35.7
2003,3,28,30.3
2003,3,29,26.6
2003,3,30,39.9
2003,3,31,59.3
2003,4,1,58.2
2003,4,2,42.8
2003,4,3,37.4
2003,4,4,34.5
2003,4,5,33
2003,4,6,34.9
2003,4,7,31.8
2003,4,8,40.4
2003,4,9,51.2
2003,4,10,57.6
2003,4,11,54
2003,4,12,61.9
2003,4,13,65.3
2003,4,14,63.2
2003,4,15,55.3
2003,4,16,46.7
2003,4,17,48.4
2003,4,18,45.3
2003,4,19,41.2
2003,4,20,49.1
2003,4,21,51.3
2003,4,22,53.1
2003,4,23,53.2
2003,4,24,47.9
2003,4,25,45
2003,4,26,55.3
2003,4,27,52.6
2003,4,28,48.1
2003,4,29,44.8
2003,4,30,43.3
2003,5,1,44.7
2003,5,2,48.5
2003,5,3,54.9
2003,5,4,50.7
2003,5,5,52.1
2003,5,6,44.1
2003,5,7,48.1
2003,5,8,51.3
2003,5,9,45.7
2003,5,10,44.3
2003,5,11,45.4
2003,5,12,49.5
2003,5,13,56.6
2003,5,14,54.2
2003,5,15,56
2003,5,16,62.7
2003,5,17,54.8
2003,5,18,55.9
2003,5,19,46.6
2003,5,20,43.2
2003,5,21,53.5
2003,5,22,59.4
2003,5,23,60.3
2003,5,24,64
2003,5,25,61.5
2003,5,26,66.1
2003,5,27,68.7
2003,5,28,70.9
2003,5,29,72
2003,5,30,70.6
2003,5,31,57.8
2003,6,1,54.9
2003,6,2,59.3
2003,6,3,57
2003,6,4,55.6
2003,6,5,54.9
2003,6,6,54.1
2003,6,7,49.2
2003,6,8,55.1
2003,6,9,61.1
2003,6,10,60.6
2003,6,11,60.4
2003,6,12,64.2
2003,6,13,63.5
2003,6,14,67.1
2003,6,15,70.1
2003,6,16,73.7
2003,6,17,69.1
2003,6,18,68.8
2003,6,19,69.5
2003,6,20,72.6
2003,6,21,70.8
2003,6,22,66.4
2003,6,23,65.2
2003,6,24,53.8
2003,6,25,52.7
2003,6,26,58.9
2003,6,27,67.4
2003,6,28,59.9
2003,6,29,63.8
2003,6,30,71.9
2003,7,1,81.6
2003,7,2,82.6
2003,7,3,79
2003,7,4,75.4
2003,7,5,69.7
2003,7,6,70
2003,7,7,69.4
2003,7,8,73.8
2003,7,9,75.5
2003,7,10,73.7
2003,7,11,72.7
2003,7,12,74.4
2003,7,13,81.3
2003,7,14,81.4
2003,7,15,77.5
2003,7,16,83.6
2003,7,17,84.3
2003,7,18,77.7
2003,7,19,81
2003,7,20,85.4
2003,7,21,77.2
2003,7,22,72.5
2003,7,23,74.7
2003,7,24,87.1
2003,7,25,88.3
2003,7,26,84
2003,7,27,73.3
2003,7,28,73
2003,7,29,79
2003,7,30,75.5
2003,7,31,77.1
2003,8,1,72.5
2003,8,2,72.4
2003,8,3,75.8
2003,8,4,79.5
2003,8,5,77.8
2003,8,6,72.5
2003,8,7,77.2
2003,8,8,79.5
2003,8,9,77.4
2003,8,10,77.5
2003,8,11,75.9
2003,8,12,79.2
2003,8,13,82
2003,8,14,83.9
2003,8,15,83.7
2003,8,16,81.8
2003,8,17,80.3
2003,8,18,74.5
2003,8,19,73.7
2003,8,20,77
2003,8,21,73
2003,8,22,78.3
2003,8,23,88.9
2003,8,24,80.8
2003,8,25,79.8
2003,8,26,79
2003,8,27,82.7
2003,8,28,77
2003,8,29,63.4
2003,8,30,55.8
2003,8,31,60.1
2003,9,1,67
2003,9,2,70.6
2003,9,3,64.6
2003,9,4,69.4
2003,9,5,79
2003,9,6,76.5
2003,9,7,76.8
2003,9,8,71.9
2003,9,9,68.2
2003,9,10,61.2
2003,9,11,58
2003,9,12,59.7
2003,9,13,51.7
2003,9,14,53.5
2003,9,15,62.1
2003,9,16,64.1
2003,9,17,57.4
2003,9,18,44.9
2003,9,19,50.8
2003,9,20,58.8
2003,9,21,54.2
2003,9,22,50.5
2003,9,23,60.8
2003,9,24,56.8
2003,9,25,54.5
2003,9,26,58.8
2003,9,27,53.2
2003,9,28,49
2003,9,29,47.8
2003,9,30,46.2
2003,10,1,47.3
2003,10,2,52.3
2003,10,3,57.4
2003,10,4,57.2
2003,10,5,61
2003,10,6,63
2003,10,7,63.5
2003,10,8,64.8
2003,10,9,64.2
2003,10,10,62.5
2003,10,11,49.3
2003,10,12,51.3
2003,10,13,53.4
2003,10,14,44.6
2003,10,15,43.2
2003,10,16,43.1
2003,10,17,52.6
2003,10,18,65.9
2003,10,19,62.1
2003,10,20,65.9
2003,10,21,66
2003,10,22,67.2
2003,10,23,55.9
2003,10,24,52.7
2003,10,25,37.5
2003,10,26,42
2003,10,27,51.6
2003,10,28,46.3
2003,10,29,39.8
2003,10,30,33
2003,10,31,23.3
2003,11,1,25.5
2003,11,2,25.7
2003,11,3,25.6
2003,11,4,20.4
2003,11,5,14.4
2003,11,6,13.7
2003,11,7,17.7
2003,11,8,17.9
2003,11,9,20.7
2003,11,10,37.7
2003,11,11,39.6
2003,11,12,36.3
2003,11,13,31.8
2003,11,14,41
2003,11,15,40.9
2003,11,16,38.9
2003,11,17,45.2
2003,11,18,38.6
2003,11,19,52.9
2003,11,20,50
2003,11,21,25.9
2003,11,22,15.9
2003,11,23,7.1
2003,11,24,13.8
2003,11,25,26.9
2003,11,26,22
2003,11,27,24.2
2003,11,28,21.1
2003,11,29,36.1
2003,11,30,38
2003,12,1,32.2
2003,12,2,30.9
2003,12,3,33
2003,12,4,32.9
2003,12,5,23.6
2003,12,6,35.5
2003,12,7,43.9
2003,12,8,32.2
2003,12,9,29.4
2003,12,10,21.9
2003,12,11,15.5
2003,12,12,10.8
2003,12,13,23.7
2003,12,14,31.5
2003,12,15,35.3
2003,12,16,28.7
2003,12,17,37
2003,12,18,34.4
2003,12,19,30.9
2003,12,20,40.8
2003,12,21,42.5
2003,12,22,35.5
2003,12,23,32.5
2003,12,24,31.6
2003,12,25,38.7
2003,12,26,33.8
2003,12,27,34.2
2003,12,28,27.5
2003,12,29,21.8
2003,12,30,20.4
2003,12,31,23.5
2004,1,1,38.3
2004,1,2,35.3
2004,1,3,8.4
2004,1,4,2.4
2004,1,5,-5.6
2004,1,6,-4.2
2004,1,7,11.6
2004,1,8,23.1
2004,1,9,30.9
2004,1,10,30.4
2004,1,11,38.4
2004,1,12,36.1
2004,1,13,33.6
2004,1,14,40
2004,1,15,40
2004,1,16,39.1
2004,1,17,32.5
2004,1,18,26.1
2004,1,19,21.5
2004,1,20,34.2
2004,1,21,30.8
2004,1,22,30.6
2004,1,23,40.7
2004,1,24,34.6
2004,1,25,19.3
2004,1,26,1.6
2004,1,27,3.3
2004,1,28,-3.7
2004,1,29,1
2004,1,30,7.1
2004,1,31,19.7
2004,2,1,19.5
2004,2,2,18.1
2004,2,3,12.4
2004,2,4,10.2
2004,2,5,16.9
2004,2,6,10.2
2004,2,7,12.7
2004,2,8,28.2
2004,2,9,25.4
2004,2,10,23.2
2004,2,11,20.4
2004,2,12,9.7
2004,2,13,29.1
2004,2,14,24.1
2004,2,15,26.1
2004,2,16,35
2004,2,17,35
2004,2,18,42
2004,2,19,44.4
2004,2,20,37.8
2004,2,21,33.8
2004,2,22,35.5
2004,2,23,30.7
2004,2,24,34.9
2004,2,25,42.7
2004,2,26,42.4
2004,2,27,47.5
2004,2,28,39.2
2004,2,29,29.6
2004,3,1,24.5
2004,3,2,20.4
2004,3,3,21.7
2004,3,4,24.5
2004,3,5,26.5
2004,3,6,31.9
2004,3,7,33.3
2004,3,8,44.2
2004,3,9,42.4
2004,3,10,43.3
2004,3,11,34.3
2004,3,12,40.1
2004,3,13,46.4
2004,3,14,32.2
2004,3,15,34.1
2004,3,16,43
2004,3,17,44.7
2004,3,18,44.5
2004,3,19,59.3
2004,3,20,45.9
2004,3,21,32.4
2004,3,22,35.6
2004,3,23,45.6
2004,3,24,55.3
2004,3,25,58.1
2004,3,26,54.5
2004,3,27,51
2004,3,28,45.4
2004,3,29,44.5
2004,3,30,42.2
2004,3,31,50.6
2004,4,1,54.8
2004,4,2,49.8
2004,4,3,41.3
2004,4,4,49.3
2004,4,5,58.7
2004,4,6,55.1
2004,4,7,55.3
2004,4,8,51.7
2004,4,9,44.5
2004,4,10,37.1
2004,4,11,32.7
2004,4,12,32.3
2004,4,13,46.6
2004,4,14,59.2
2004,4,15,59.9
2004,4,16,59.6
2004,4,17,53.2
2004,4,18,54.3
2004,4,19,47.8
2004,4,20,54.2
2004,4,21,49.9
2004,4,22,42.4
2004,4,23,44.2
2004,4,24,48.9
2004,4,25,48.4
2004,4,26,49.9
2004,4,27,61.1
2004,4,28,63
2004,4,29,36.5
2004,4,30,42.2
2004,5,1,45.4
2004,5,2,44.6
2004,5,3,60.4
2004,5,4,61.5
2004,5,5,71.2
2004,5,6,60.6
2004,5,7,59.8
2004,5,8,69.6
2004,5,9,64.7
2004,5,10,57.4
2004,5,11,68.3
2004,5,12,41.9
2004,5,13,36.4
2004,5,14,44.4
2004,5,15,53.9
2004,5,16,49
2004,5,17,44.4
2004,5,18,52.8
2004,5,19,62.5
2004,5,20,56.6
2004,5,21,58.2
2004,5,22,55.8
2004,5,23,54.8
2004,5,24,54.4
2004,5,25,48.2
2004,5,26,54.3
2004,5,27,61.2
2004,5,28,64.1
2004,5,29,64.2
2004,5,30,54.2
2004,5,31,55
2004,6,1,58.2
2004,6,2,56.1
2004,6,3,62
2004,6,4,71.7
2004,6,5,71.4
2004,6,6,72.6
2004,6,7,72.3
2004,6,8,61.7
2004,6,9,53.5
2004,6,10,60.3
2004,6,11,59.8
2004,6,12,62.9
2004,6,13,65.1
2004,6,14,64
2004,6,15,64.6
2004,6,16,56.7
2004,6,17,54.4
2004,6,18,50.9
2004,6,19,49.3
2004,6,20,57
2004,6,21,60.8
2004,6,22,60.7
2004,6,23,66.4
2004,6,24,59.2
2004,6,25,61.2
2004,6,26,63.4
2004,6,27,62.5
2004,6,28,63.1
2004,6,29,70.2
2004,6,30,74.5
2004,7,1,73.4
2004,7,2,78.1
2004,7,3,71.3
2004,7,4,67.5
2004,7,5,61.2
2004,7,6,58.5
2004,7,7,67.8
2004,7,8,70.1
2004,7,9,68.6
2004,7,10,75.6
2004,7,11,73.6
2004,7,12,74.9
2004,7,13,74.4
2004,7,14,78
2004,7,15,82.1
2004,7,16,76
2004,7,17,76.5
2004,7,18,83.8
2004,7,19,83.4
2004,7,20,79.5
2004,7,21,78
2004,7,22,70.8
2004,7,23,60.7
2004,7,24,61
2004,7,25,64.6
2004,7,26,73.6
2004,7,27,79.3
2004,7,28,68.5
2004,7,29,67
2004,7,30,65.5
2004,7,31,77.3
2004,8,1,79.8
2004,8,2,80.3
2004,8,3,74.2
2004,8,4,64.8
2004,8,5,68.8
2004,8,6,76
2004,8,7,76.3
2004,8,8,71.5
2004,8,9,65.6
2004,8,10,62.3
2004,8,11,57
2004,8,12,62.4
2004,8,13,58.9
2004,8,14,64.2
2004,8,15,70.2
2004,8,16,70.4
2004,8,17,70.5
2004,8,18,69.8
2004,8,19,58
2004,8,20,63.1
2004,8,21,71.6
2004,8,22,76.7
2004,8,23,70.6
2004,8,24,71.4
2004,8,25,72.2
2004,8,26,67.3
2004,8,27,60
2004,8,28,58.2
2004,8,29,69.6
2004,8,30,69.6
2004,8,31,76.7
2004,9,1,77.1
2004,9,2,77.1
2004,9,3,68.7
2004,9,4,59.1
2004,9,5,58
2004,9,6,60.1
2004,9,7,57
2004,9,8,60.2
2004,9,9,71.6
2004,9,10,69.3
2004,9,11,66.6
2004,9,12,73.9
2004,9,13,68.4
2004,9,14,56.1
2004,9,15,55.8
2004,9,16,55.6
2004,9,17,63.7
2004,9,18,73.8
2004,9,19,73.3
2004,9,20,60.6
2004,9,21,48.2
2004,9,22,47.9
2004,9,23,50.6
2004,9,24,56.8
2004,9,25,59.9
2004,9,26,64.3
2004,9,27,60.4
2004,9,28,55.2
2004,9,29,62.3
2004,9,30,59.8
2004,10,1,46.9
2004,10,2,44.7
2004,10,3,57.8
2004,10,4,50.1
2004,10,5,58.4
2004,10,6,58
2004,10,7,60.6
2004,10,8,59.1
2004,10,9,59.5
2004,10,10,61.1
2004,10,11,55
2004,10,12,54.9
2004,10,13,47.9
2004,10,14,46
2004,10,15,48.2
2004,10,16,36.5
2004,10,17,40.1
2004,10,18,44.2
2004,10,19,45.7
2004,10,20,49.2
2004,10,21,53.1
2004,10,22,46.3
2004,10,23,45.6
2004,10,24,49.1
2004,10,25,38
2004,10,26,44.4
2004,10,27,48.7
2004,10,28,59.1
2004,10,29,50.4
2004,10,30,42.4
2004,10,31,41.3
2004,11,1,37.6
2004,11,2,34.2
2004,11,3,45
2004,11,4,42.7
2004,11,5,47.2
2004,11,6,54.7
2004,11,7,44.5
2004,11,8,44.8
2004,11,9,47.3
2004,11,10,46.2
2004,11,11,34.7
2004,11,12,31.6
2004,11,13,34.9
2004,11,14,36.9
2004,11,15,37.5
2004,11,16,36.5
2004,11,17,52.2
2004,11,18,42.2
2004,11,19,37.6
2004,11,20,30.5
2004,11,21,29.8
2004,11,22,33.8
2004,11,23,30.6
2004,11,24,30.3
2004,11,25,40.7
2004,11,26,41.6
2004,11,27,29.8
2004,11,28,25
2004,11,29,18.8
2004,11,30,24.1
2004,12,1,29.9
2004,12,2,31.4
2004,12,3,39.7
2004,12,4,41.4
2004,12,5,31.2
2004,12,6,32.5
2004,12,7,28.2
2004,12,8,39.2
2004,12,9,40.7
2004,12,10,40.7
2004,12,11,43
2004,12,12,38.6
2004,12,13,28
2004,12,14,26.3
2004,12,15,40.1
2004,12,16,39.9
2004,12,17,37.6
2004,12,18,40.5
2004,12,19,31
2004,12,20,42.2
2004,12,21,20.2
2004,12,22,8.8
2004,12,23,2.6
2004,12,24,15
2004,12,25,40
2004,12,26,27.6
2004,12,27,25.1
2004,12,28,30.4
2004,12,29,35.3
2004,12,30,41.7
2004,12,31,19.6
2005,1,1,14
2005,1,2,7.2
2005,1,3,12.1
2005,1,4,6.3
2005,1,5,-1.8
2005,1,6,-2.9
2005,1,7,17.2
2005,1,8,14.9
2005,1,9,17.2
2005,1,10,10.8
2005,1,11,18.1
2005,1,12,23.9
2005,1,13,3.4
2005,1,14,-3.9
2005,1,15,-0.8
2005,1,16,-3
2005,1,17,12
2005,1,18,32
2005,1,19,45.2
2005,1,20,46
2005,1,21,42
2005,1,22,17.1
2005,1,23,38
2005,1,24,50
2005,1,25,47.5
2005,1,26,34.2
2005,1,27,29.6
2005,1,28,37.9
2005,1,29,32.9
2005,1,30,30.8
2005,1,31,35.7
2005,2,1,32.1
2005,2,2,38.8
2005,2,3,45.2
2005,2,4,48.3
2005,2,5,46.8
2005,2,6,29.3
2005,2,7,17.2
2005,2,8,8.3
2005,2,9,19.7
2005,2,10,28.8
2005,2,11,37.3
2005,2,12,39.8
2005,2,13,48.3
2005,2,14,38.7
2005,2,15,32.6
2005,2,16,23.6
2005,2,17,27.9
2005,2,18,27.2
2005,2,19,29.2
2005,2,20,24.5
2005,2,21,26
2005,2,22,31.1
2005,2,23,34
2005,2,24,31.6
2005,2,25,41.3
2005,2,26,42
2005,2,27,39.3
2005,2,28,27.1
2005,3,1,29.6
2005,3,2,43.7
2005,3,3,42.3
2005,3,4,45
2005,3,5,44.1
2005,3,6,49.5
2005,3,7,40.1
2005,3,8,37.8
2005,3,9,41.2
2005,3,10,47.2
2005,3,11,45.3
2005,3,12,48.8
2005,3,13,32.6
2005,3,14,26.6
2005,3,15,25.8
2005,3,16,32.6
2005,3,17,33.1
2005,3,18,28.1
2005,3,19,25.2
2005,3,20,36.4
2005,3,21,35.5
2005,3,22,31.2
2005,3,23,36.2
2005,3,24,34.4
2005,3,25,20.7
2005,3,26,30.2
2005,3,27,43.2
2005,3,28,55.3
2005,3,29,57.9
2005,3,30,44.1
2005,3,31,43.9
2005,4,1,39.1
2005,4,2,52.4
2005,4,3,53.9
2005,4,4,59.5
2005,4,5,53.4
2005,4,6,51.1
2005,4,7,54.1
2005,4,8,62.5
2005,4,9,55.5
2005,4,10,46.3
2005,4,11,42.1
2005,4,12,44.1
2005,4,13,46.3
2005,4,14,55.8
2005,4,15,50.9
2005,4,16,49.7
2005,4,17,62.4
2005,4,18,64.9
2005,4,19,54.3
2005,4,20,39.7
2005,4,21,40.9
2005,4,22,47.2
2005,4,23,42.8
2005,4,24,47.1
2005,4,25,50
2005,4,26,44.8
2005,4,27,37
2005,4,28,33.3
2005,4,29,33.4
2005,4,30,33.3
2005,5,1,33.8
2005,5,2,35.3
2005,5,3,38.3
2005,5,4,49.8
2005,5,5,57.4
2005,5,6,60.8
2005,5,7,61.7
2005,5,8,52.9
2005,5,9,52.9
2005,5,10,50.4
2005,5,11,41.4
2005,5,12,33.7
2005,5,13,39.4
2005,5,14,47.5
2005,5,15,50.2
2005,5,16,61.8
2005,5,17,64
2005,5,18,61
2005,5,19,65.8
2005,5,20,70.8
2005,5,21,69.7
2005,5,22,63.5
2005,5,23,63.9
2005,5,24,60.7
2005,5,25,54.4
2005,5,26,53.3
2005,5,27,54.6
2005,5,28,55.9
2005,5,29,51.3
2005,5,30,49.8
2005,5,31,50.5
2005,6,1,57.2
2005,6,2,59.3
2005,6,3,59.9
2005,6,4,61.5
2005,6,5,62.4
2005,6,6,66.9
2005,6,7,65.8
2005,6,8,58.9
2005,6,9,56.2
2005,6,10,56.2
2005,6,11,60.4
2005,6,12,58.4
2005,6,13,57.9
2005,6,14,61.4
2005,6,15,64.2
2005,6,16,69.7
2005,6,17,69.6
2005,6,18,76.2
2005,6,19,75.9
2005,6,20,76.2
2005,6,21,77.6
2005,6,22,77.1
2005,6,23,79.4
2005,6,24,69.9
2005,6,25,71.4
2005,6,26,76.4
2005,6,27,68.3
2005,6,28,71.2
2005,6,29,71.8
2005,6,30,65.4
2005,7,1,65
2005,7,2,73.9
2005,7,3,68.1
2005,7,4,67.1
2005,7,5,66.2
2005,7,6,72.1
2005,7,7,77.5
2005,7,8,81.1
2005,7,9,85.5
2005,7,10,82.1
2005,7,11,75.2
2005,7,12,76.9
2005,7,13,81.6
2005,7,14,83.7
2005,7,15,75.2
2005,7,16,85.3
2005,7,17,79.5
2005,7,18,70.1
2005,7,19,81.7
2005,7,20,81.9
2005,7,21,78.3
2005,7,22,79.4
2005,7,23,86.8
2005,7,24,82.3
2005,7,25,70.4
2005,7,26,58
2005,7,27,61.5
2005,7,28,73.8
2005,7,29,81.1
2005,7,30,82.2
2005,7,31,78.3
2005,8,1,80.4
2005,8,2,84.2
2005,8,3,75.8
2005,8,4,64.5
2005,8,5,69.8
2005,8,6,79.2
2005,8,7,79.4
2005,8,8,81.1
2005,8,9,77.3
2005,8,10,72.2
2005,8,11,71.4
2005,8,12,65.4
2005,8,13,55
2005,8,14,59.7
2005,8,15,65.3
2005,8,16,72.8
2005,8,17,73.3
2005,8,18,69.6
2005,8,19,62.2
2005,8,20,67.9
2005,8,21,71.9
2005,8,22,71.1
2005,8,23,72.2
2005,8,24,70.5
2005,8,25,68.2
2005,8,26,65.3
2005,8,27,70.8
2005,8,28,72.3
2005,8,29,73.7
2005,8,30,75.3
2005,8,31,64.2
2005,9,1,65.2
2005,9,2,72.3
2005,9,3,79.9
2005,9,4,79.6
2005,9,5,77.3
2005,9,6,70
2005,9,7,64.9
2005,9,8,74
2005,9,9,79.9
2005,9,10,77.4
2005,9,11,68.9
2005,9,12,64.5
2005,9,13,55
2005,9,14,56.8
2005,9,15,63.3
2005,9,16,67.1
2005,9,17,67.2
2005,9,18,58.8
2005,9,19,62.4
2005,9,20,66.9
2005,9,21,70.6
2005,9,22,58.7
2005,9,23,59.6
2005,9,24,54
2005,9,25,50.1
2005,9,26,56.3
2005,9,27,62.3
2005,9,28,52
2005,9,29,53.2
2005,9,30,66.4
2005,10,1,70.3
2005,10,2,65.1
2005,10,3,53.4
2005,10,4,43.5
2005,10,5,34.7
2005,10,6,38.8
2005,10,7,47.1
2005,10,8,52.5
2005,10,9,49.8
2005,10,10,43.7
2005,10,11,46.5
2005,10,12,52.6
2005,10,13,50.7
2005,10,14,57.3
2005,10,15,55.7
2005,10,16,62.1
2005,10,17,58.9
2005,10,18,59.9
2005,10,19,47
2005,10,20,49.9
2005,10,21,49.9
2005,10,22,41.7
2005,10,23,33.6
2005,10,24,35.3
2005,10,25,50.2
2005,10,26,49.5
2005,10,27,49.3
2005,10,28,57.6
2005,10,29,52.8
2005,10,30,45.7
2005,10,31,41.5
2005,11,1,50.1
2005,11,2,55.4
2005,11,3,42.4
2005,11,4,39.4
2005,11,5,38.5
2005,11,6,38
2005,11,7,43.2
2005,11,8,47.8
2005,11,9,46
2005,11,10,44.1
2005,11,11,57.6
2005,11,12,50.1
2005,11,13,39.4
2005,11,14,35.3
2005,11,15,28.3
2005,11,16,21.9
2005,11,17,32.1
2005,11,18,37.4
2005,11,19,43.4
2005,11,20,39.2
2005,11,21,44.7
2005,11,22,45.4
2005,11,23,54.3
2005,11,24,38.3
2005,11,25,40.3
2005,11,26,37
2005,11,27,37.4
2005,11,28,22.4
2005,11,29,23.1
2005,11,30,16.2
2005,12,1,12.3
2005,12,2,9.8
2005,12,3,9
2005,12,4,7.3
2005,12,5,4.2
2005,12,6,1.8
2005,12,7,1.3
2005,12,8,-0.9
2005,12,9,21.3
2005,12,10,39.7
2005,12,11,45.2
2005,12,12,37.4
2005,12,13,34.1
2005,12,14,32.8
2005,12,15,26.1
2005,12,16,18.6
2005,12,17,9.8
2005,12,18,2.9
2005,12,19,9.9
2005,12,20,20.1
2005,12,21,36.2
2005,12,22,43.5
2005,12,23,41.8
2005,12,24,44.3
2005,12,25,41.2
2005,12,26,47.8
2005,12,27,45.7
2005,12,28,40.8
2005,12,29,37.2
2005,12,30,31.7
2005,12,31,25.1
2006,1,1,28.5
2006,1,2,27.8
2006,1,3,35.4
2006,1,4,34.8
2006,1,5,37.9
2006,1,6,38.6
2006,1,7,42.6
2006,1,8,37.9
2006,1,9,31
2006,1,10,36.4
2006,1,11,46.1
2006,1,12,42
2006,1,13,33.7
2006,1,14,41.5
2006,1,15,52.9
2006,1,16,35.2
2006,1,17,26.1
2006,1,18,35
2006,1,19,35.9
2006,1,20,31.4
2006,1,21,30.9
2006,1,22,29.5
2006,1,23,31.7
2006,1,24,41.8
2006,1,25,36
2006,1,26,39.8
2006,1,27,40.7
2006,1,28,37.9
2006,1,29,34.7
2006,1,30,32.5
2006,1,31,36.9
2006,2,1,31.3
2006,2,2,37.9
2006,2,3,28.4
2006,2,4,28.7
2006,2,5,28.3
2006,2,6,32.6
2006,2,7,29.5
2006,2,8,27
2006,2,9,33.1
2006,2,10,25.9
2006,2,11,20.8
2006,2,12,33.1
2006,2,13,43.5
2006,2,14,35
2006,2,15,23.1
2006,2,16,12.1
2006,2,17,-7.1
2006,2,18,-11.5
2006,2,19,1.4
2006,2,20,15.6
2006,2,21,25.5
2006,2,22,27.6
2006,2,23,29.9
2006,2,24,34
2006,2,25,23.8
2006,2,26,32.2
2006,2,27,45.7
2006,2,28,48.2
2006,3,1,53.5
2006,3,2,34.1
2006,3,3,32.5
2006,3,4,42
2006,3,5,39.8
2006,3,6,43.9
2006,3,7,51
2006,3,8,40.7
2006,3,9,35.4
2006,3,10,31.3
2006,3,11,31.6
2006,3,12,29.5
2006,3,13,22
2006,3,14,20.5
2006,3,15,27.3
2006,3,16,23.5
2006,3,17,20.4
2006,3,18,31.5
2006,3,19,27.3
2006,3,20,22.1
2006,3,21,20.9
2006,3,22,23.7
2006,3,23,24.3
2006,3,24,22
2006,3,25,24.4
2006,3,26,33.9
2006,3,27,39.8
2006,3,28,41.1
2006,3,29,54.8
2006,3,30,50.5
2006,3,31,44.2
2006,4,1,48.7
2006,4,2,48.3
2006,4,3,46
2006,4,4,48.6
2006,4,5,59.2
2006,4,6,53.6
2006,4,7,36.9
2006,4,8,42
2006,4,9,56.6
2006,4,10,56.6
2006,4,11,56.6
2006,4,12,54
2006,4,13,64.1
2006,4,14,64.7
2006,4,15,62.9
2006,4,16,58.2
2006,4,17,60.1
2006,4,18,43.2
2006,4,19,35
2006,4,20,39.8
2006,4,21,44.1
2006,4,22,53.1
2006,4,23,51.7
2006,4,24,33.8
2006,4,25,35.4
2006,4,26,40.4
2006,4,27,53.9
2006,4,28,51.5
2006,4,29,51.5
2006,4,30,49.6
2006,5,1,51.8
2006,5,2,50.4
2006,5,3,47.3
2006,5,4,42.1
2006,5,5,43.7
2006,5,6,51.6
2006,5,7,58.1
2006,5,8,55.5
2006,5,9,45.7
2006,5,10,38.8
2006,5,11,47.9
2006,5,12,50.6
2006,5,13,56.2
2006,5,14,54.3
2006,5,15,54.7
2006,5,16,56.9
2006,5,17,64.9
2006,5,18,68.6
2006,5,19,70.4
2006,5,20,65.5
2006,5,21,60.6
2006,5,22,68.7
2006,5,23,71
2006,5,24,69.2
2006,5,25,67.3
2006,5,26,72.6
2006,5,27,71
2006,5,28,70
2006,5,29,58.6
2006,5,30,59
2006,5,31,57
2006,6,1,63.1
2006,6,2,67.1
2006,6,3,70.9
2006,6,4,70.6
2006,6,5,72.3
2006,6,6,70
2006,6,7,72
2006,6,8,71.3
2006,6,9,70
2006,6,10,58.9
2006,6,11,61.4
2006,6,12,68.6
2006,6,13,79.4
2006,6,14,82.3
2006,6,15,70.4
2006,6,16,69
2006,6,17,70.2
2006,6,18,69.5
2006,6,19,67.5
2006,6,20,70.8
2006,6,21,69.7
2006,6,22,68.9
2006,6,23,69
2006,6,24,67.6
2006,6,25,65.3
2006,6,26,68.8
2006,6,27,71.7
2006,6,28,73.5
2006,6,29,81.5
2006,6,30,81.9
2006,7,1,76.7
2006,7,2,71.2
2006,7,3,75.5
2006,7,4,68.8
2006,7,5,70.7
2006,7,6,76.5
2006,7,7,82.4
2006,7,8,82.8
2006,7,9,76.1
2006,7,10,73.3
2006,7,11,76.5
2006,7,12,83.9
2006,7,13,83.2
2006,7,14,81.8
2006,7,15,89
2006,7,16,90.7
2006,7,17,82.5
2006,7,18,84.4
2006,7,19,87.9
2006,7,20,74.6
2006,7,21,68.2
2006,7,22,73
2006,7,23,80.1
2006,7,24,85.6
2006,7,25,85.8
2006,7,26,77.9
2006,7,27,80
2006,7,28,86.1
2006,7,29,86.4
2006,7,30,89.8
2006,7,31,82.4
2006,8,1,73.2
2006,8,2,68.9
2006,8,3,77.8
2006,8,4,82.5
2006,8,5,81.9
2006,8,6,73.3
2006,8,7,77.9
2006,8,8,75.5
2006,8,9,78
2006,8,10,78.1
2006,8,11,78.1
2006,8,12,76.3
2006,8,13,69.3
2006,8,14,68.7
2006,8,15,72.3
2006,8,16,79.1
2006,8,17,75.7
2006,8,18,66.6
2006,8,19,64.6
2006,8,20,72.9
2006,8,21,73.2
2006,8,22,77.8
2006,8,23,80.3
2006,8,24,83.1
2006,8,25,64.7
2006,8,26,61.5
2006,8,27,60.6
2006,8,28,62.6
2006,8,29,65.9
2006,8,30,73.1
2006,8,31,71.2
2006,9,1,55.7
2006,9,2,54.3
2006,9,3,56
2006,9,4,59
2006,9,5,62.4
2006,9,6,66.8
2006,9,7,70.1
2006,9,8,61.1
2006,9,9,55.9
2006,9,10,59.1
2006,9,11,59.3
2006,9,12,62.8
2006,9,13,67.4
2006,9,14,73.3
2006,9,15,70
2006,9,16,55.3
2006,9,17,47.3
2006,9,18,43.8
2006,9,19,43.6
2006,9,20,49.6
2006,9,21,53.7
2006,9,22,48.8
2006,9,23,48.8
2006,9,24,51.9
2006,9,25,56.4
2006,9,26,60.5
2006,9,27,53.1
2006,9,28,47.1
2006,9,29,62.2
2006,9,30,62.9
2006,10,1,67.6
2006,10,2,63.2
2006,10,3,60.6
2006,10,4,46.4
2006,10,5,52.6
2006,10,6,64
2006,10,7,67.1
2006,10,8,50.6
2006,10,9,44.1
2006,10,10,44.1
2006,10,11,37.2
2006,10,12,31.5
2006,10,13,35.7
2006,10,14,37.5
2006,10,15,49
2006,10,16,55.6
2006,10,17,40
2006,10,18,32.5
2006,10,19,40
2006,10,20,43.5
2006,10,21,30.3
2006,10,22,33
2006,10,23,34.6
2006,10,24,43.9
2006,10,25,42.8
2006,10,26,46.8
2006,10,27,43
2006,10,28,47.4
2006,10,29,51.1
2006,10,30,37.2
2006,10,31,20.4
2006,11,1,26.4
2006,11,2,23.9
2006,11,3,26.7
2006,11,4,42
2006,11,5,48.5
2006,11,6,47.2
2006,11,7,59.2
2006,11,8,58.8
2006,11,9,41.8
2006,11,10,29
2006,11,11,30.7
2006,11,12,39.9
2006,11,13,34.1
2006,11,14,36.8
2006,11,15,34.9
2006,11,16,35.2
2006,11,17,42.9
2006,11,18,32.9
2006,11,19,36.2
2006,11,20,48.4
2006,11,21,46.3
2006,11,22,54.9
2006,11,23,40.8
2006,11,24,38.7
2006,11,25,26.5
2006,11,26,16.5
2006,11,27,17.8
2006,11,28,20.5
2006,11,29,7.9
2006,11,30,17
2006,12,1,28.9
2006,12,2,18.3
2006,12,3,9.2
2006,12,4,30.8
2006,12,5,37.7
2006,12,6,29.2
2006,12,7,11.2
2006,12,8,38
2006,12,9,41.3
2006,12,10,36.7
2006,12,11,26.6
2006,12,12,32.1
2006,12,13,39.2
2006,12,14,47.9
2006,12,15,37.5
2006,12,16,37.4
2006,12,17,25.8
2006,12,18,26
2006,12,19,23.2
2006,12,20,33
2006,12,21,30.6
2006,12,22,26.9
2006,12,23,34.6
2006,12,24,36.7
2006,12,25,24.1
2006,12,26,38.6
2006,12,27,32
2006,12,28,32.4
2006,12,29,27.7
2006,12,30,20.2
2006,12,31,21.7
2007,1,1,24.2
2007,1,2,27.6
2007,1,3,40.3
2007,1,4,39.2
2007,1,5,31.7
2007,1,6,23.5
2007,1,7,31.1
2007,1,8,37
2007,1,9,32.7
2007,1,10,41.2
2007,1,11,20.4
2007,1,12,0.6
2007,1,13,5.3
2007,1,14,10.7
2007,1,15,10
2007,1,16,19.6
2007,1,17,23.7
2007,1,18,28.6
2007,1,19,25
2007,1,20,27.4
2007,1,21,29.3
2007,1,22,25.2
2007,1,23,39.6
2007,1,24,40.5
2007,1,25,42.2
2007,1,26,41.4
2007,1,27,20.8
2007,1,28,16.6
2007,1,29,27.2
2007,1,30,12.3
2007,1,31,19.8
2007,2,1,12.5
2007,2,2,1.5
2007,2,3,3.5
2007,2,4,12.7
2007,2,5,26.9
2007,2,6,37.2
2007,2,7,17
2007,2,8,10.3
2007,2,9,9.9
2007,2,10,11.9
2007,2,11,17.9
2007,2,12,14.1
2007,2,13,-4.6
2007,2,14,-6
2007,2,15,-9.9
2007,2,16,28
2007,2,17,34.9
2007,2,18,41.4
2007,2,19,41
2007,2,20,34.8
2007,2,21,41.5
2007,2,22,33.2
2007,2,23,38.7
2007,2,24,34.6
2007,2,25,28.5
2007,2,26,23.6
2007,2,27,23.9
2007,2,28,30.5
2007,3,1,26.5
2007,3,2,21.6
2007,3,3,24.1
2007,3,4,40.4
2007,3,5,39.6
2007,3,6,37.4
2007,3,7,39.9
2007,3,8,46.8
2007,3,9,44.6
2007,3,10,41.5
2007,3,11,47.6
2007,3,12,57.9
2007,3,13,61.9
2007,3,14,42.7
2007,3,15,38.4
2007,3,16,34.7
2007,3,17,47
2007,3,18,53.5
2007,3,19,42.9
2007,3,20,52.9
2007,3,21,54.8
2007,3,22,44.9
2007,3,23,49.7
2007,3,24,51
2007,3,25,56.7
2007,3,26,58.7
2007,3,27,47.2
2007,3,28,54.9
2007,3,29,36.1
2007,3,30,31.6
2007,3,31,34
2007,4,1,40.9
2007,4,2,41.4
2007,4,3,32.7
2007,4,4,28.3
2007,4,5,24
2007,4,6,20.7
2007,4,7,20.8
2007,4,8,24.7
2007,4,9,36
2007,4,10,43.3
2007,4,11,37.6
2007,4,12,33
2007,4,13,38.6
2007,4,14,42.7
2007,4,15,53.4
2007,4,16,56.2
2007,4,17,47.1
2007,4,18,52.6
2007,4,19,53.6
2007,4,20,48.8
2007,4,21,56.1
2007,4,22,53
2007,4,23,48.3
2007,4,24,47.7
2007,4,25,48.3
2007,4,26,51.1
2007,4,27,52.3
2007,4,28,59
2007,4,29,65
2007,4,30,64.2
2007,5,1,55.6
2007,5,2,57.8
2007,5,3,66.2
2007,5,4,55.8
2007,5,5,52.3
2007,5,6,51.8
2007,5,7,51.5
2007,5,8,58.6
2007,5,9,63.1
2007,5,10,62.6
2007,5,11,63.5
2007,5,12,63.2
2007,5,13,72.9
2007,5,14,62.8
2007,5,15,52.3
2007,5,16,54.8
2007,5,17,58.8
2007,5,18,69.7
2007,5,19,69
2007,5,20,62.7
2007,5,21,69.4
2007,5,22,58.8
2007,5,23,51.9
2007,5,24,50.4
2007,5,25,58.9
2007,5,26,51.1
2007,5,27,56.5
2007,5,28,71.1
2007,5,29,59.2
2007,5,30,56.2
2007,5,31,52.1
2007,6,1,53.8
2007,6,2,58.7
2007,6,3,67.3
2007,6,4,64.8
2007,6,5,64.4
2007,6,6,71.4
2007,6,7,54.2
2007,6,8,55.5
2007,6,9,64.5
2007,6,10,69.8
2007,6,11,74.7
2007,6,12,72.4
2007,6,13,65.1
2007,6,14,67.1
2007,6,15,68.5
2007,6,16,69
2007,6,17,73.8
2007,6,18,64.6
2007,6,19,67
2007,6,20,72.1
2007,6,21,74.5
2007,6,22,74.4
2007,6,23,77.6
2007,6,24,84.7
2007,6,25,81.1
2007,6,26,71.4
2007,6,27,68
2007,6,28,73.9
2007,6,29,80.8
2007,6,30,80.1
2007,7,1,82.1
2007,7,2,83.7
2007,7,3,74.9
2007,7,4,78
2007,7,5,83.1
2007,7,6,80.1
2007,7,7,91.9
2007,7,8,80.1
2007,7,9,76.2
2007,7,10,70.8
2007,7,11,66.8
2007,7,12,73
2007,7,13,75.7
2007,7,14,81.6
2007,7,15,78.6
2007,7,16,85
2007,7,17,86.4
2007,7,18,82.2
2007,7,19,75.2
2007,7,20,80.4
2007,7,21,87.3
2007,7,22,86.6
2007,7,23,89.5
2007,7,24,89.5
2007,7,25,87
2007,7,26,76.5
2007,7,27,73.7
2007,7,28,73
2007,7,29,77.5
2007,7,30,80.1
2007,7,31,84.4
2007,8,1,82.3
2007,8,2,74.3
2007,8,3,74
2007,8,4,73.8
2007,8,5,79.8
2007,8,6,79.7
2007,8,7,78.2
2007,8,8,75.3
2007,8,9,79.5
2007,8,10,86
2007,8,11,80.5
2007,8,12,71
2007,8,13,84.7
2007,8,14,82.4
2007,8,15,77.9
2007,8,16,73.5
2007,8,17,77.2
2007,8,18,71
2007,8,19,69.5
2007,8,20,70.9
2007,8,21,69.2
2007,8,22,70.4
2007,8,23,62.9
2007,8,24,57.9
2007,8,25,60.4
2007,8,26,72.9
2007,8,27,70.6
2007,8,29,60.1
2007,8,30,69.5
2007,8,31,74.2
2007,9,1,80.8
2007,9,2,76.6
2007,9,3,81.4
2007,9,4,75.7
2007,9,5,77.9
2007,9,6,66.1
2007,9,7,64.1
2007,9,8,58.5
2007,9,9,47.2
2007,9,10,48.3
2007,9,11,59.4
2007,9,12,64.3
2007,9,13,59.2
2007,9,14,46.8
2007,9,15,60.9
2007,9,16,68
2007,9,17,71
2007,9,18,62.2
2007,9,19,57
2007,9,20,70.6
2007,9,21,63.8
2007,9,22,66.7
2007,9,23,74.6
2007,9,24,55.4
2007,9,25,49.2
2007,9,26,57.1
2007,9,27,57.5
2007,9,28,62.4
2007,9,29,69.3
2007,9,30,59.2
2007,10,1,59.9
2007,10,2,64.4
2007,10,3,58.1
2007,10,4,60
2007,10,5,55.7
2007,10,6,57.3
2007,10,7,47.1
2007,10,8,49.1
2007,10,9,56.3
2007,10,10,48
2007,10,11,52.6
2007,10,12,51.8
2007,10,13,52
2007,10,14,45.4
2007,10,15,44.2
2007,10,16,43.3
2007,10,17,43.8
2007,10,18,47.5
2007,10,19,47.5
2007,10,20,51.9
2007,10,21,45.2
2007,10,22,41.4
2007,10,23,57.3
2007,10,24,55.6
2007,10,25,62.5
2007,10,26,47.1
2007,10,27,38.9
2007,10,28,43.9
2007,10,29,52.6
2007,10,30,54.1
2007,10,31,41.4
2007,11,1,43.2
2007,11,2,43.4
2007,11,3,41.8
2007,11,4,49
2007,11,5,41.9
2007,11,6,29.7
2007,11,7,43.3
2007,11,8,52.9
2007,11,9,49.5
2007,11,10,50.5
2007,11,11,53.2
2007,11,12,44.1
2007,11,13,55.6
2007,11,14,40.7
2007,11,15,30.6
2007,11,16,48.3
2007,11,17,49.6
2007,11,18,45.7
2007,11,19,43.8
2007,11,20,33
2007,11,21,25.8
2007,11,22,21.3
2007,11,23,22.8
2007,11,24,27.3
2007,11,25,35.8
2007,11,26,34.6
2007,11,27,21.5
2007,11,28,28.7
2007,11,29,24.9
2007,11,30,16.6
2007,12,1,20.6
2007,12,2,12.3
2007,12,3,30.3
2007,12,4,48.4
2007,12,5,27.2
2007,12,6,26.4
2007,12,7,20.8
2007,12,8,16.3
2007,12,9,14.8
2007,12,10,16.7
2007,12,11,23.4
2007,12,12,11
2007,12,13,27.5
2007,12,14,24.3
2007,12,15,17.6
2007,12,16,23.7
2007,12,17,22.2
2007,12,18,30.3
2007,12,19,30.8
2007,12,20,31.7
2007,12,21,35
2007,12,22,18.2
2007,12,23,20.8
2007,12,24,25.2
2007,12,25,33.6
2007,12,26,19
2007,12,27,16.8
2007,12,28,15.9
2007,12,29,18.4
2007,12,30,20.5
2007,12,31,25
2008,1,1,19.2
2008,1,2,13.9
2008,1,3,31.2
2008,1,4,37.3
2008,1,5,44.7
2008,1,6,38.7
2008,1,7,32.6
2008,1,8,24.6
2008,1,9,27.8
2008,1,10,29.6
2008,1,11,34.4
2008,1,12,28.8
2008,1,13,30.2
2008,1,14,32.1
2008,1,15,31
2008,1,16,19.7
2008,1,17,13.3
2008,1,18,15.4
2008,1,19,0.5
2008,1,20,8.8
2008,1,21,4
2008,1,22,-0.7
2008,1,23,15.4
2008,1,24,3.3
2008,1,25,18.3
2008,1,26,27.3
2008,1,27,37.3
2008,1,28,42.2
2008,1,29,1.3
2008,1,30,4.4
2008,1,31,15.8
2008,2,1,30.1
2008,2,2,27.7
2008,2,3,25.5
2008,2,4,26.4
2008,2,5,11.4
2008,2,6,16.7
2008,2,7,24.2
2008,2,8,32.4
2008,2,9,18.3
2008,2,10,0.7
2008,2,11,17
2008,2,13,32.1
2008,2,14,20.1
2008,2,15,24
2008,2,16,32.3
2008,2,17,31.7
2008,2,18,18.9
2008,2,19,22.3
2008,2,20,14
2008,2,21,20.6
2008,2,22,29.7
2008,2,23,34
2008,2,24,37
2008,2,25,33.3
2008,2,26,26.4
2008,2,27,33.3
2008,2,28,43.2
2008,2,29,41.4
2008,3,1,45.6
2008,3,2,42.8
2008,3,3,32.6
2008,3,4,39.8
2008,3,5,25.8
2008,3,6,22.7
2008,3,7,13.5
2008,3,8,36.4
2008,3,9,36.6
2008,3,10,50.6
2008,3,11,48.8
2008,3,12,48.1
2008,3,13,39.2
2008,3,14,32
2008,3,15,29.8
2008,3,16,28.4
2008,3,17,35.4
2008,3,18,39.8
2008,3,19,36.2
2008,3,20,37.9
2008,3,21,33.7
2008,3,22,32.9
2008,3,23,30.7
2008,3,24,41.5
2008,3,25,43.2
2008,3,26,36.9
2008,3,27,29.4
2008,3,28,30.5
2008,3,29,41.4
2008,3,30,31.2
2008,3,31,27.5
2008,4,1,25.8
2008,4,2,35.7
2008,4,3,39.4
2008,4,4,44.4
2008,4,5,44.7
2008,4,6,33.7
2008,4,7,29.2
2008,4,8,35.1
2008,4,9,36.2
2008,4,10,34.5
2008,4,11,34.4
2008,4,12,39.4
2008,4,13,39.7
2008,4,14,51.2
2008,4,15,65.5
2008,4,16,44.2
2008,4,17,39.4
2008,4,18,45.6
2008,4,19,52.3
2008,4,20,55.9
2008,4,21,34.8
2008,4,22,43.6
2008,4,23,48.2
2008,4,24,41.4
2008,4,25,35.1
2008,4,26,38.1
2008,4,27,38.1
2008,4,28,44
2008,4,29,55.6
2008,4,30,58.4
2008,5,1,42.3
2008,5,2,30.8
2008,5,3,34.9
2008,5,4,54.1
2008,5,5,53.8
2008,5,6,59.1
2008,5,7,51
2008,5,8,48.5
2008,5,9,43.7
2008,5,10,41.3
2008,5,11,45
2008,5,12,53
2008,5,13,48.2
2008,5,14,48.9
2008,5,15,53.5
2008,5,16,61
2008,5,17,65.6
2008,5,18,64.8
2008,5,19,66.8
2008,5,20,60.5
2008,5,21,57.3
2008,5,22,50.7
2008,5,23,48.4
2008,5,24,55.2
2008,5,25,58.2
2008,5,26,49.6
2008,5,27,40.2
2008,5,28,46.3
2008,5,29,55.6
2008,5,30,58.8
2008,5,31,58.9
2008,6,1,61.7
2008,6,2,63.8
2008,6,3,59.8
2008,6,4,59.9
2008,6,5,56.3
2008,6,6,54.6
2008,6,7,57.9
2008,6,8,55.7
2008,6,9,58.6
2008,6,10,55.6
2008,6,11,55.1
2008,6,12,50.5
2008,6,13,59.6
2008,6,14,62.9
2008,6,15,62.5
2008,6,16,57
2008,6,17,62.4
2008,6,18,65.1
2008,6,19,66
2008,6,20,64.5
2008,6,21,64.4
2008,6,22,66.7
2008,6,23,66.4
2008,6,24,69.9
2008,6,25,71.6
2008,6,26,69.3
2008,6,27,68.8
2008,6,28,62.4
2008,6,29,63.4
2008,6,30,66.7
2008,7,1,73.7
2008,7,2,67.2
2008,7,3,62.3
2008,7,4,67.6
2008,7,5,75.1
2008,7,6,73.1
2008,7,7,71.1
2008,7,8,66.2
2008,7,9,67.5
2008,7,10,76
2008,7,11,74.1
2008,7,12,61.2
2008,7,13,67.3
2008,7,14,71.1
2008,7,15,75.4
2008,7,16,73.7
2008,7,17,72.1
2008,7,18,69.7
2008,7,19,70.2
2008,7,20,71.7
2008,7,21,72.7
2008,7,22,72.9
2008,7,23,75.3
2008,7,24,74
2008,7,25,68.5
2008,7,26,75.2
2008,7,27,76.9
2008,7,28,76.6
2008,7,29,74.9
2008,7,30,77.6
2008,7,31,77.7
2008,8,1,74.7
2008,8,2,80.5
2008,8,3,75.5
2008,8,4,68.1
2008,8,5,69.5
2008,8,6,69.7
2008,8,7,72.7
2008,8,8,75.2
2008,8,9,73.4
2008,8,10,73.1
2008,8,11,67.2
2008,8,12,69.1
2008,8,13,71.2
2008,8,14,64
2008,8,15,56.9
2008,8,16,63.4
2008,8,17,68.5
2008,8,19,71.8
2008,8,20,75.7
2008,8,21,79.3
2008,8,22,71.5
2008,8,23,62.1
2008,8,24,70.2
2008,8,25,74.4
2008,8,26,75
2008,8,27,64.4
2008,8,28,66.8
2008,8,29,68.4
2008,8,30,74.6
2008,8,31,80.3
2008,9,1,65.4
2008,9,2,52.5
2008,9,3,51.6
2008,9,4,56.4
2008,9,5,53.9
2008,9,6,53.3
2008,9,7,48.6
2008,9,8,51.4
2008,9,9,56.5
2008,9,10,66
2008,9,11,59.1
2008,9,12,55.7
2008,9,13,58.6
2008,9,14,50.8
2008,9,15,56.9
2008,9,16,63.8
2008,9,17,68.6
2008,9,18,70.6
2008,9,19,69.7
2008,9,20,64
2008,9,21,67.5
2008,9,22,62.2
2008,9,23,52.5
2008,9,25,64.3
2008,9,26,69
2008,9,27,58.5
2008,9,28,62.9
2008,9,29,53.7
2008,9,30,56.4
2008,10,1,58
2008,10,2,57.6
2008,10,3,56.7
2008,10,4,62.8
2008,10,5,59.9
2008,10,6,54.8
2008,10,7,51.2
2008,10,8,54.9
2008,10,9,45.3
2008,10,10,37.8
2008,10,11,35.1
2008,10,12,37.1
2008,10,13,36.4
2008,10,14,42.6
2008,10,15,44.1
2008,10,16,42.4
2008,10,17,48.7
2008,10,18,52.9
2008,10,19,54.3
2008,10,20,45.9
2008,10,21,46.7
2008,10,22,42.4
2008,10,23,35.8
2008,10,24,39.5
2008,10,25,46.2
2008,10,26,36.8
2008,10,27,30.4
2008,10,28,42
2008,10,29,49
2008,10,30,58
2008,10,31,50
2008,11,1,52.6
2008,11,2,54.2
2008,11,3,58.2
2008,11,4,47.4
2008,11,5,43.6
2008,11,6,29.6
2008,11,7,28.8
2008,11,8,32.4
2008,11,9,20.3
2008,11,10,21.2
2008,11,11,31.3
2008,11,12,38.5
2008,11,13,45.2
2008,11,14,35.3
2008,11,15,30.9
2008,11,16,43.2
2008,11,17,33.5
2008,11,18,38.7
2008,11,19,44.4
2008,11,20,27.6
2008,11,21,25.7
2008,11,22,36.7
2008,11,23,36.6
2008,11,24,29.9
2008,11,25,37.9
2008,11,26,34.2
2008,11,27,34.8
2008,11,28,29.1
2008,11,29,32.4
2008,11,30,36.8
2008,12,1,31.8
2008,12,2,37.1
2008,12,3,21.3
2008,12,4,15.1
2008,12,5,16
2008,12,6,35.4
2008,12,7,34.5
2008,12,8,34.3
2008,12,9,20.2
2008,12,10,32.5
2008,12,11,34
2008,12,12,27
2008,12,13,26.6
2008,12,14,-2.4
2008,12,15,-12.2
2008,12,16,-8.8
2008,12,17,4
2008,12,18,13
2008,12,19,7.7
2008,12,20,-0.9
2008,12,21,-1.6
2008,12,22,5.8
2008,12,23,7.1
2008,12,24,4.1
2008,12,25,22.2
2008,12,26,22.3
2008,12,27,18.7
2008,12,28,27.9
2008,12,29,35.4
2008,12,30,35.2
2008,12,31,18.3
2009,1,1,30.7
2009,1,2,20.3
2009,1,3,16.9
2009,1,4,8
2009,1,5,13.9
2009,1,6,28.2
2009,1,7,26
2009,1,8,31.5
2009,1,9,30.9
2009,1,10,21.4
2009,1,11,32.4
2009,1,12,29.5
2009,1,13,25.8
2009,1,14,17.1
2009,1,15,3.5
2009,1,16,27.7
2009,1,17,41
2009,1,18,44.7
2009,1,19,46.2
2009,1,20,41.6
2009,1,21,42
2009,1,22,39.3
2009,1,23,17.7
2009,1,24,1.2
2009,1,25,3.9
2009,1,26,2.7
2009,1,27,-3.9
2009,1,28,22.4
2009,1,29,28.5
2009,1,30,41.8
2009,1,31,38.8
2009,2,1,29.8
2009,2,2,24.4
2009,2,3,23.4
2009,2,4,33.8
2009,2,5,42.6
2009,2,6,44
2009,2,7,40.3
2009,2,8,32.6
2009,2,9,35.1
2009,2,10,38.5
2009,2,11,30.7
2009,2,12,28.4
2009,2,13,22.6
2009,2,14,19.7
2009,2,15,24.3
2009,2,16,26.6
2009,2,17,30.7
2009,2,18,22.2
2009,2,19,27
2009,2,20,30.1
2009,2,21,18.7
2009,2,22,22.7
2009,2,23,29.6
2009,2,24,39.8
2009,2,25,38.4
2009,2,26,17
2009,2,27,5.8
2009,2,28,7.3
2009,3,1,10.4
2009,3,2,28.1
2009,3,3,36.4
2009,3,4,43.2
2009,3,5,40.3
2009,3,6,26.9
2009,3,7,24.7
2009,3,8,31.4
2009,3,9,20
2009,3,10,1.9
2009,3,11,-1.3
2009,3,12,9.5
2009,3,13,25.3
2009,3,14,39.8
2009,3,15,43.6
2009,3,16,46.8
2009,3,17,43.7
2009,3,18,43
2009,3,19,41
2009,3,20,50.6
2009,3,21,51.9
2009,3,22,60.4
2009,3,23,41.8
2009,3,24,24
2009,3,25,31.7
2009,3,26,24.6
2009,3,27,21.9
2009,3,28,32
2009,3,29,35.9
2009,3,30,31
2009,3,31,23.4
2009,4,1,21.1
2009,4,2,28.4
2009,4,3,31.4
2009,4,4,26.3
2009,4,5,24.1
2009,4,6,20.3
2009,4,7,29.9
2009,4,8,34.6
2009,4,10,32.2
2009,4,11,40.1
2009,4,12,43
2009,4,13,48.4
2009,4,14,51.5
2009,4,15,53.3
2009,4,16,40.4
2009,4,17,40.4
2009,4,18,43.6
2009,4,19,47.5
2009,4,20,49.3
2009,4,21,55.3
2009,4,22,61
2009,4,23,65
2009,4,24,41.8
2009,4,25,34.4
2009,4,26,34.2
2009,4,27,36.2
2009,4,28,39.3
2009,4,29,52.7
2009,4,30,44.5
2009,5,1,42.1
2009,5,2,43.9
2009,5,3,49.7
2009,5,4,52.4
2009,5,5,51.5
2009,5,6,56.9
2009,5,7,53.6
2009,5,8,49.2
2009,5,9,44.3
2009,5,10,45.7
2009,5,11,51.9
2009,5,12,60.7
2009,5,13,48.7
2009,5,14,47.7
2009,5,15,52.4
2009,5,16,44.8
2009,5,17,55.2
2009,5,18,66.7
2009,5,19,66
2009,5,20,70.6
2009,5,21,54.7
2009,5,22,55.7
2009,5,23,54.5
2009,5,24,57.3
2009,5,25,60.9
2009,5,26,54.4
2009,5,27,53.5
2009,5,28,64.5
2009,5,29,64
2009,5,30,65
2009,5,31,69.8
2009,6,1,60.8
2009,6,2,52.5
2009,6,3,47.2
2009,6,4,51.2
2009,6,5,56.3
2009,6,6,45.4
2009,6,7,45
2009,6,8,46.4
2009,6,9,50.8
2009,6,10,49.8
2009,6,11,49.7
2009,6,12,54.5
2009,6,13,57.8
2009,6,14,62.1
2009,6,15,63.6
2009,6,16,62.6
2009,6,17,63.2
2009,6,18,63.1
2009,6,19,64.8
2009,6,20,64
2009,6,21,70.2
2009,6,22,69.5
2009,6,23,68.1
2009,6,24,70.2
2009,6,25,72.7
2009,6,26,74.1
2009,6,27,63.6
2009,6,28,66.1
2009,6,29,70.3
2009,6,30,67.3
2009,7,1,68.6
2009,7,2,70.8
2009,7,3,64.1
2009,7,4,64
2009,7,5,65.2
2009,7,6,69.7
2009,7,7,71.8
2009,7,8,67.4
2009,7,9,69.2
2009,7,10,67.9
2009,7,11,67.2
2009,7,12,73.3
2009,7,13,73
2009,7,14,69.6
2009,7,15,65.1
2009,7,16,65.2
2009,7,17,63.5
2009,7,18,65.7
2009,7,19,71.2
2009,7,20,73.1
2009,7,21,64.8
2009,7,22,69.5
2009,7,23,73.3
2009,7,24,74.1
2009,7,25,71.3
2009,7,26,75.2
2009,7,27,72.2
2009,7,28,66.2
2009,7,29,61.3
2009,7,30,59.1
2009,7,31,61.2
2009,8,1,62.1
2009,8,2,76.9
2009,8,3,74.3
2009,8,4,68
2009,8,5,67.7
2009,8,6,70.7
2009,8,7,73
2009,8,8,67.8
2009,8,9,60
2009,8,10,65
2009,8,11,72
2009,8,12,74.9
2009,8,13,75.5
2009,8,14,71.7
2009,8,15,65.3
2009,8,16,58
2009,8,17,61.2
2009,8,18,62.7
2009,8,19,64.6
2009,8,20,60.4
2009,8,21,60.8
2009,8,22,66.1
2009,8,23,77.1
2009,8,24,78.4
2009,8,25,68.2
2009,8,26,68.3
2009,8,27,70.9
2009,8,28,69.1
2009,8,29,60.6
2009,8,30,62.3
2009,8,31,65.5
2009,9,1,67.7
2009,9,2,69.9
2009,9,3,63.7
2009,9,4,64.3
2009,9,5,70.3
2009,9,6,70.8
2009,9,7,72.2
2009,9,8,65.1
2009,9,9,59
2009,9,10,68.9
2009,9,11,67.2
2009,9,12,54.1
2009,9,13,57.1
2009,9,14,70.1
2009,9,15,70.8
2009,9,16,68.4
2009,9,17,65.3
2009,9,18,66.6
2009,9,19,67.9
2009,9,20,64.4
2009,9,21,53.2
2009,9,22,53.2
2009,9,23,54.8
2009,9,24,55.8
2009,9,25,54.1
2009,9,26,60
2009,9,27,58.6
2009,9,28,48.5
2009,9,29,51.7
2009,9,30,61.8
2009,10,1,45.5
2009,10,2,46.7
2009,10,3,37.8
2009,10,4,40
2009,10,5,38.7
2009,10,6,39.3
2009,10,7,41.3
2009,10,8,34.6
2009,10,9,29.2
2009,10,10,19.7
2009,10,11,21.9
2009,10,12,25.3
2009,10,13,30.9
2009,10,14,38.1
2009,10,15,39.1
2009,10,16,43.7
2009,10,17,41.8
2009,10,18,57.7
2009,10,19,48.8
2009,10,20,40.1
2009,10,21,37.5
2009,10,22,38.1
2009,10,23,42.4
2009,10,24,46.5
2009,10,25,41.2
2009,10,26,37.5
2009,10,27,45.1
2009,10,28,37
2009,10,29,31.3
2009,10,30,32
2009,10,31,49.6
2009,11,1,49.8
2009,11,2,43.8
2009,11,3,42.4
2009,11,4,38.8
2009,11,5,43.9
2009,11,6,55.2
2009,11,7,48
2009,11,8,45.1
2009,11,9,39.4
2009,11,10,41.1
2009,11,11,43.7
2009,11,12,48.7
2009,11,13,36.4
2009,11,14,30.7
2009,11,15,32
2009,11,16,28.5
2009,11,17,39.4
2009,11,18,45.3
2009,11,19,43.3
2009,11,20,34.8
2009,11,21,44.5
2009,11,22,40.9
2009,11,23,35.3
2009,11,24,33.4
2009,11,25,35.2
2009,11,26,36.4
2009,11,27,47.2
2009,11,28,38.5
2009,11,29,31.5
2009,11,30,37.8
2009,12,1,35.6
2009,12,2,23.4
2009,12,3,14.8
2009,12,4,12.5
2009,12,5,23.1
2009,12,6,11.4
2009,12,7,5.6
2009,12,8,5.8
2009,12,9,-2.6
2009,12,10,6
2009,12,11,10
2009,12,12,19.6
2009,12,13,5.3
2009,12,14,-1.5
2009,12,15,-1.2
2009,12,16,21.6
2009,12,17,33.2
2009,12,18,34.7
2009,12,19,25.9
2009,12,20,33.6
2009,12,21,28.8
2009,12,22,24.2
2009,12,23,20.8
2009,12,24,6.2
2009,12,25,5.7
2009,12,26,15.8
2009,12,27,23.8
2009,12,28,17.3
2009,12,29,13.3
2009,12,30,21.9
2009,12,31,14
2010,1,1,5.4
2010,1,2,6.1
2010,1,3,14.7
2010,1,4,15.9
2010,1,5,16.6
2010,1,6,9.5
2010,1,7,-3.1
2010,1,8,-9.7
2010,1,9,3.2
2010,1,10,33.4
2010,1,11,31.6
2010,1,12,30.4
2010,1,13,39.4
2010,1,14,35.9
2010,1,15,35.3
2010,1,16,36.4
2010,1,17,34
2010,1,18,28
2010,1,19,30.8
2010,1,20,31.6
2010,1,21,26.7
2010,1,22,32.5
2010,1,23,30.4
2010,1,24,23.2
2010,1,25,20.7
2010,1,26,15.2
2010,1,27,17.8
2010,1,28,11.9
2010,1,29,19.5
2010,1,30,20.1
2010,1,31,17.4
2010,2,1,13.7
2010,2,2,16.2
2010,2,3,25.5
2010,2,4,22.4
2010,2,5,18.1
2010,2,6,22
2010,2,7,25.4
2010,2,8,7.4
2010,2,9,2.7
2010,2,10,9.1
2010,2,11,23.6
2010,2,12,23
2010,2,13,29
2010,2,14,12.8
2010,2,15,13.6
2010,2,16,13.6
2010,2,17,25.9
2010,2,18,27.3
2010,2,19,24.3
2010,2,20,24.1
2010,2,21,17.5
2010,2,22,18.1
2010,2,23,19.5
2010,2,24,18.9
2010,2,25,32.8
2010,2,26,34.7
2010,2,27,31.6
2010,2,28,27.4
2010,3,1,27.9
2010,3,2,34.4
2010,3,3,30.8
2010,3,4,34.4
2010,3,5,30
2010,3,6,30.4
2010,3,7,34.3
2010,3,8,36.5
2010,3,9,37.4
2010,3,10,28.2
2010,3,11,31.1
2010,3,12,36.3
2010,3,13,34.6
2010,3,14,33.9
2010,3,15,37.6
2010,3,16,36.4
2010,3,17,43.3
2010,3,18,44.5
2010,3,19,30.6
2010,3,20,27.6
2010,3,21,38.5
2010,3,22,49.4
2010,3,23,35.2
2010,3,24,34.3
2010,3,25,39.8
2010,3,26,44.8
2010,3,27,41.6
2010,3,28,45.3
2010,3,29,54.8
2010,3,30,60
2010,3,31,51.4
2010,4,1,45.6
2010,4,2,36.1
2010,4,3,36.7
2010,4,4,36.8
2010,4,5,39.2
2010,4,6,39
2010,4,7,40.5
2010,4,8,41.6
2010,4,9,44.7
2010,4,10,40.4
2010,4,11,50.2
2010,4,12,55.8
2010,4,13,59.1
2010,4,14,52.2
2010,4,15,50.2
2010,4,16,42.3
2010,4,17,43.5
2010,4,18,51.8
2010,4,19,52.3
2010,4,20,51.9
2010,4,21,49.1
2010,4,22,51.1
2010,4,23,51.7
2010,4,24,46.3
2010,4,25,41.8
2010,4,26,38.9
2010,4,27,33.3
2010,4,28,57.2
2010,4,29,50.5
2010,4,30,43.5
2010,5,1,45.3
2010,5,2,43.1
2010,5,3,45.5
2010,5,4,50.1
2010,5,5,46
2010,5,6,39.2
2010,5,7,38.4
2010,5,8,37.2
2010,5,9,47.4
2010,5,10,47.7
2010,5,11,40.5
2010,5,12,36.9
2010,5,13,35.5
2010,5,14,49.1
2010,5,15,51.9
2010,5,16,52.9
2010,5,17,55.2
2010,5,18,59.3
2010,5,19,57.4
2010,5,20,54.1
2010,5,21,56.6
2010,5,22,59
2010,5,23,57
2010,5,24,56.6
2010,5,25,54.2
2010,5,26,57.4
2010,5,27,62.6
2010,5,28,74.1
2010,5,29,66.4
2010,5,30,55.5
2010,5,31,59.3
2010,6,1,59.6
2010,6,2,57.6
2010,6,3,59.9
2010,6,4,59.7
2010,6,5,64.5
2010,6,6,59
2010,6,7,58
2010,6,8,62.3
2010,6,9,58.7
2010,6,10,65
2010,6,11,60.5
2010,6,12,54
2010,6,13,51.9
2010,6,14,52.3
2010,6,15,55.5
2010,6,16,65.1
2010,6,17,66.2
2010,6,18,60.8
2010,6,19,61.3
2010,6,20,68.2
2010,6,21,64.9
2010,6,22,67.2
2010,6,23,63.8
2010,6,24,61.9
2010,6,25,73.8
2010,6,26,70.3
2010,6,27,68.2
2010,6,28,68.8
2010,6,29,70.2
2010,6,30,76.8
2010,7,1,75.4
2010,7,2,78
2010,7,3,72.6
2010,7,4,62.9
2010,7,5,62.6
2010,7,6,59.7
2010,7,7,59.6
2010,7,8,64.7
2010,7,9,69
2010,7,10,71.2
2010,7,11,65.8
2010,7,12,64.1
2010,7,13,73.7
2010,7,14,72.7
2010,7,15,68.1
2010,7,16,76
2010,7,17,78.5
2010,7,18,71.8
2010,7,19,70.8
2010,7,20,66.7
2010,7,21,68.8
2010,7,22,67.8
2010,7,23,68.4
2010,7,24,66.2
2010,7,25,71.7
2010,7,26,79
2010,7,27,79.3
2010,7,28,68
2010,7,29,68.2
2010,7,30,75.3
2010,7,31,78.3
2010,8,1,78.1
2010,8,2,76
2010,8,3,68.3
2010,8,4,70
2010,8,5,69.8
2010,8,6,73.2
2010,8,7,77
2010,8,8,74.8
2010,8,9,71.6
2010,8,10,75.6
2010,8,11,76.7
2010,8,12,79.6
2010,8,13,72.7
2010,8,14,65
2010,8,15,64.1
2010,8,16,64.4
2010,8,17,66.6
2010,8,18,72.6
2010,8,19,74.1
2010,8,20,75.2
2010,8,21,78.2
2010,8,22,83.1
2010,8,23,76.3
2010,8,24,63.3
2010,8,25,64.7
2010,8,26,71
2010,8,27,76.9
2010,8,28,73.4
2010,8,29,74
2010,8,30,71.8
2010,8,31,61.2
2010,9,1,62.9
2010,9,2,61
2010,9,3,57.5
2010,9,4,62.2
2010,9,5,68.2
2010,9,6,60.1
2010,9,7,54.3
2010,9,8,62.2
2010,9,9,74.1
2010,9,10,61.1
2010,9,11,58.5
2010,9,12,63.1
2010,9,13,63.3
2010,9,14,64.5
2010,9,15,60.9
2010,9,16,59.5
2010,9,17,58.6
2010,9,18,39.6
2010,9,19,46.3
2010,9,20,57.2
2010,9,21,58.6
2010,9,22,60.9
2010,9,23,53
2010,9,24,52.6
2010,9,25,60
2010,9,26,61
2010,9,27,69
2010,9,28,62.8
2010,9,29,66.4
2010,9,30,55.9
2010,10,1,59.9
2010,10,2,50.5
2010,10,3,56.4
2010,10,4,60.8
2010,10,5,68.3
2010,10,6,60.8
2010,10,7,64.3
2010,10,8,67.1
2010,10,9,55.1
2010,10,10,57
2010,10,11,57.4
2010,10,12,55
2010,10,13,47.4
2010,10,14,56.4
2010,10,15,58.2
2010,10,16,53.2
2010,10,17,43.4
2010,10,18,46.3
2010,10,19,48.4
2010,10,20,51.9
2010,10,21,49.6
2010,10,22,53.2
2010,10,23,52
2010,10,24,51.5
2010,10,25,51.9
2010,10,26,44.4
2010,10,27,40.5
2010,10,28,40.3
2010,10,29,47
2010,10,30,48.7
2010,10,31,46.2
2010,11,1,50.3
2010,11,2,50.1
2010,11,3,48.4
2010,11,4,40.1
2010,11,5,39.4
2010,11,6,56.5
2010,11,7,58.5
2010,11,8,58.3
2010,11,9,45.4
2010,11,10,38.9
2010,11,11,35.3
2010,11,12,28.6
2010,11,13,34.5
2010,11,14,28.5
2010,11,15,35.6
2010,11,16,31.5
2010,11,17,32.1
2010,11,18,30.3
2010,11,19,32.8
2010,11,20,18.2
2010,11,21,19.5
2010,11,22,10.4
2010,11,23,-1.2
2010,11,24,7.9
2010,11,25,4.2
2010,11,26,26
2010,11,27,29.2
2010,11,28,30.1
2010,11,29,23.1
2010,11,30,22.4
2010,12,1,18.6
2010,12,2,30.4
2010,12,3,29.3
2010,12,4,26.4
2010,12,5,18.9
2010,12,6,21.5
2010,12,7,24.9
2010,12,8,26.4
2010,12,9,39.8
2010,12,10,34.8
2010,12,11,18.2
2010,12,12,9.2
2010,12,13,22.6
2010,12,14,35.7
2010,12,15,36.9
2010,12,16,28.7
2010,12,17,19.1
2010,12,18,17.1
2010,12,19,17.3
2010,12,20,21.1
2010,12,21,16.4
2010,12,22,16
2010,12,23,30.9
2010,12,24,22.4
2010,12,25,25.6
2010,12,26,27.1
2010,12,27,37.7
2010,12,28,29.2
2010,12,29,31.9
2010,12,30,16.4
2010,12,31,0.9
2011,1,1,6.1
2011,1,2,12.5
2011,1,3,18
2011,1,4,13.8
2011,1,5,24.1
2011,1,6,36.5
2011,1,7,35.2
2011,1,8,20.2
2011,1,9,13.3
2011,1,10,6.1
2011,1,11,-0.2
2011,1,12,-3
2011,1,13,27.4
2011,1,14,29.5
2011,1,15,14.5
2011,1,16,20.3
2011,1,17,34.4
2011,1,18,12.9
2011,1,19,12.2
2011,1,20,10.2
2011,1,21,27.9
2011,1,22,25
2011,1,23,17.1
2011,1,24,33.4
2011,1,25,26.5
2011,1,26,32.4
2011,1,27,42.3
2011,1,28,41.3
2011,1,29,29.6
2011,1,30,18
2011,1,31,0.8
2011,2,1,-8.7
2011,2,2,-6.7
2011,2,3,17.4
2011,2,4,34.9
2011,2,5,37.9
2011,2,6,29.5
2011,2,7,17.6
2011,2,8,-1.4
2011,2,9,0
2011,2,10,18.6
2011,2,11,32.8
2011,2,12,40.3
2011,2,13,49.9
2011,2,14,38.7
2011,2,15,49.4
2011,2,16,48.5
2011,2,17,46
2011,2,18,28.1
2011,2,19,19.1
2011,2,20,7.6
2011,2,21,0.5
2011,2,22,12.1
2011,2,23,20.8
2011,2,24,6.1
2011,2,25,-6.2
2011,2,26,-3.3
2011,2,27,12.2
2011,2,28,14.5
2011,3,1,22.7
2011,3,2,-1.1
2011,3,3,11.5
2011,3,4,23.6
2011,3,5,16.6
2011,3,6,16.9
2011,3,7,6.5
2011,3,8,9.1
2011,3,9,18.1
2011,3,10,30.1
2011,3,11,43.7
2011,3,12,33.8
2011,3,13,31.6
2011,3,14,39.8
2011,3,15,44.5
2011,3,16,50.4
2011,3,17,44.8
2011,3,18,41.3
2011,3,19,45.8
2011,3,20,50.3
2011,3,21,43.3
2011,3,22,40.1
2011,3,23,33.8
2011,3,24,30.1
2011,3,25,30.7
2011,3,26,29.6
2011,3,27,30
2011,3,28,32.1
2011,3,29,30.5
2011,3,30,34.3
2011,3,31,43.2
2011,4,1,43.7
2011,4,2,47.6
2011,4,3,49.2
2011,4,4,35.4
2011,4,5,44.1
2011,4,6,45.6
2011,4,7,50.2
2011,4,8,52.5
2011,4,9,42.9
2011,4,10,44.1
2011,4,11,48.1
2011,4,12,50.8
2011,4,13,45
2011,4,14,35
2011,4,15,35.9
2011,4,16,41.3
2011,4,17,36.3
2011,4,18,33.8
2011,4,19,33.1
2011,4,20,34.1
2011,4,21,48.1
2011,4,22,46.6
2011,4,23,40.1
2011,4,24,42.9
2011,4,25,45.4
2011,4,26,44.1
2011,4,27,43.7
2011,4,28,47.9
2011,4,29,46.6
2011,4,30,39.4
2011,5,1,42.7
2011,5,2,40.5
2011,5,3,45.2
2011,5,4,54.5
2011,5,5,48.2
2011,5,6,54.6
2011,5,7,56.3
2011,5,8,59.5
2011,5,9,58.1
2011,5,10,58.4
2011,5,11,48.6
2011,5,12,44.5
2011,5,13,46.6
2011,5,14,41.1
2011,5,15,44.3
2011,5,16,48.2
2011,5,17,53.2
2011,5,18,51.2
2011,5,19,46.6
2011,5,20,53.9
2011,5,21,53.1
2011,5,22,52.1
2011,5,23,58.7
2011,5,24,55.6
2011,5,25,49.5
2011,5,26,50.5
2011,5,27,54.7
2011,5,28,50.9
2011,5,29,49.6
2011,5,30,51.7
2011,5,31,55.3
2011,6,1,54
2011,6,2,66.1
2011,6,3,69.1
2011,6,4,58.9
2011,6,5,65.6
2011,6,6,71.2
2011,6,7,72.6
2011,6,8,55
2011,6,9,50.7
2011,6,10,53.1
2011,6,11,55.3
2011,6,12,64.3
2011,6,13,64.1
2011,6,14,63
2011,6,15,60.2
2011,6,16,61.2
2011,6,17,60.3
2011,6,18,60.9
2011,6,19,62
2011,6,20,59.7
2011,6,21,59.1
2011,6,22,61.6
2011,6,23,62.6
2011,6,24,68.3
2011,6,25,66.2
2011,6,26,66.5
2011,6,27,59.4
2011,6,28,64.7
2011,6,29,79.1
2011,6,30,80
2011,7,1,66.8
2011,7,2,66.9
2011,7,3,69.6
2011,7,4,76.3
2011,7,5,72.3
2011,7,6,68.1
2011,7,7,69.4
2011,7,8,74
2011,7,9,72.8
2011,7,10,72.7
2011,7,11,70.2
2011,7,12,64.3
2011,7,13,66.1
2011,7,14,76.7
2011,7,15,77.9
2011,7,16,79.7
2011,7,17,85
2011,7,18,84
2011,7,19,86.8
2011,7,20,80.9
2011,7,21,71.5
2011,7,22,75.1
2011,7,23,73.6
2011,7,24,74.1
2011,7,25,77.7
2011,7,26,71.7
2011,7,27,75
2011,7,28,69.2
2011,7,29,73.3
2011,7,30,78.6
2011,7,31,79.9
2011,8,1,85.5
2011,8,2,75.1
2011,8,3,73.2
2011,8,4,70.2
2011,8,5,75.6
2011,8,6,69.1
2011,8,7,69
2011,8,8,69.7
2011,8,9,65.4
2011,8,10,64.3
2011,8,11,68
2011,8,12,69.9
2011,8,13,67.3
2011,8,14,72.4
2011,8,15,77
2011,8,16,74.5
2011,8,17,67.9
2011,8,18,76
2011,8,19,66.2
2011,8,20,65.2
2011,8,21,69.6
2011,8,22,77
2011,8,23,82.4
2011,8,24,76.3
2011,8,25,77.5
2011,8,26,79.9
2011,8,27,77.8
2011,8,28,77.9
2011,8,29,66.7
2011,8,30,67.4
2011,8,31,74.5
2011,9,1,75.2
2011,9,2,65.8
2011,9,3,62.8
2011,9,4,56.7
2011,9,5,63.3
2011,9,6,69.3
2011,9,7,69.5
2011,9,8,66.2
2011,9,9,64.8
2011,9,10,64.2
2011,9,11,69
2011,9,12,71.1
2011,9,13,57.2
2011,9,14,49
2011,9,15,42.9
2011,9,16,50.8
2011,9,17,55.5
2011,9,18,56.9
2011,9,19,60.8
2011,9,20,57.8
2011,9,21,49.5
2011,9,22,49
2011,9,23,63.1
2011,9,24,71.2
2011,9,25,66.5
2011,9,26,62.5
2011,9,27,67.6
2011,9,28,66.7
2011,9,29,60.6
2011,9,30,53.8
2011,10,1,65
2011,10,2,68.5
2011,10,3,70.7
2011,10,4,70
2011,10,5,68.9
2011,10,6,63.7
2011,10,7,53.7
2011,10,8,48.6
2011,10,9,45.9
2011,10,10,49.9
2011,10,11,50.7
2011,10,12,55
2011,10,13,49.1
2011,10,14,46.8
2011,10,15,49.3
2011,10,16,48.2
2011,10,17,44.4
2011,10,18,46
2011,10,19,41.8
2011,10,20,40.2
2011,10,21,52.4
2011,10,22,50.3
2011,10,23,51.4
2011,10,24,46.6
2011,10,25,43.1
2011,10,26,38.4
2011,10,27,31.7
2011,10,28,40.3
2011,10,29,41.4
2011,10,30,42.6
2011,10,31,46.1
2011,11,1,43.7
2011,11,2,34.9
2011,11,3,30.3
2011,11,4,43.1
2011,11,5,41.4
2011,11,6,34.3
2011,11,7,30.6
2011,11,8,33.6
2011,11,9,34.2
2011,11,10,31.7
2011,11,11,43.1
2011,11,12,44.3
2011,11,13,41.9
2011,11,14,37
2011,11,15,31.7
2011,11,16,24.7
2011,11,17,23.5
2011,11,18,38
2011,11,19,16.8
2011,11,20,5
2011,11,21,16.1
2011,11,22,28.6
2011,11,23,35
2011,11,24,43.2
2011,11,25,45.4
2011,11,26,36.2
2011,11,27,31.8
2011,11,28,43.3
2011,11,29,33.4